Date,10101,10102,10103,10104,10105,10106,10107,10108,10109,10201,10202,10203,10204,10205,10206,10207,10208,10209,10210,10301,10302,10303,10304,10305,10306,10307,10401,10402,10403,10404,1101,1107,11101,11102,11201,11202,11203,11301,11302,11303,11401,11402,12101,12102,12103,12104,12201,12301,12302,12303,12401,12402,13101,13102,13103,13104,13105,13106,13107,13108,13109,13110,13111,13112,13113,13114,13115,13116,13117,13118,13119,13120,13121,13122,13123,13124,13125,13126,13127,13128,13129,13130,13131,13132,13201,13202,13203,13301,13302,13303,13401,13402,13403,13404,13501,13502,13503,13504,13505,13601,13602,13603,13604,13605,1401,1402,1403,1404,1405,14101,14102,14103,14104,14105,14106,14107,14108,14201,14202,14203,14204,15101,15102,15201,15202,16101,16102,16103,16104,16105,16106,16107,16108,16109,16201,16202,16203,16204,16205,16206,16207,16301,16302,16303,16304,16305,2101,2102,2103,2104,2201,2202,2203,2301,2302,3101,3102,3103,3201,3202,3301,3302,3303,3304,4101,4102,4103,4104,4105,4106,4201,4202,4203,4204,4301,4302,4303,4304,4305,5101,5102,5103,5105,5107,5109,5301,5302,5303,5304,5401,5402,5403,5404,5405,5501,5502,5503,5504,5506,5601,5602,5603,5604,5605,5606,5701,5702,5703,5704,5705,5706,5801,5802,5803,5804,6101,6102,6103,6104,6105,6106,6107,6108,6109,6110,6111,6112,6113,6114,6115,6116,6117,6201,6202,6203,6204,6205,6206,6301,6302,6303,6304,6305,6306,6307,6308,6309,6310,7101,7102,7103,7104,7105,7106,7107,7108,7109,7110,7201,7202,7203,7301,7302,7303,7304,7305,7306,7307,7308,7309,7401,7402,7403,7404,7405,7406,7407,7408,8101,8102,8103,8104,8105,8106,8107,8108,8109,8110,8111,8112,8201,8202,8203,8204,8205,8206,8207,8301,8302,8303,8304,8305,8306,8307,8308,8309,8310,8311,8312,8313,8314,9101,9102,9103,9104,9105,9106,9107,9108,9109,9110,9111,9112,9113,9114,9115,9116,9117,9118,9119,9120,9121,9201,9202,9203,9204,9205,9206,9207,9208,9209,9210,9211
1950-01-01,1.6e-05,4e-06,0,1.3e-05,0,0,1e-06,0,1e-06,0,0,2e-06,0,0,0,0,0,0,0,3e-06,1e-06,0,4e-06,1e-06,0,0,0,0,0,0,0,0,0,0,0,0,0,0,0,0,0,0,0,0,0,0,0,0,0,0,0,0,0,0,0,0,0,0,0,0,0,0,0,0,0,0,0,0,0,0,1e-06,0,0,0,0,0,0,0,0,0,0,0,0,0,0,0,0,0,0,0,0,0,0,0,0,0,0,0,0,0,0,0,0,0,2e-06,1e-05,7.3e-05,1e-06,1.1e-05,0,0,0,0,0,0,0,0,0,0,0,0,1.6e-05,1e-05,0.000322,0.00037,0,1e-06,1e-06,1e-06,0,3e-06,3e-06,1e-06,3e-06,1e-06,0,0,1e-06,0,0,0,0,0,0,0,0,0,0,0,0,1.3e-05,1e-06,2e-06,0,0,7e-06,0,2e-06,0,0,1.3e-05,0,0,0,0,0,0,0,0,0,0,0,0,0,0,0,0,0,0,0,0,0,0,0,0,0,0,0,0,0,0,0,0,0,0,0,0,0,0,0,0,0,0,0,0,1e-06,0,0,1e-06,0,0,0,0,0,0,0,1e-06,0,0,0,0,3e-06,5e-06,0,0,0,0,0,0,0,0,0,0,0,0,0,0,0,0,0,0,0,0,0,0,0,0,0,0,0,0,5e-06,0,1e-06,1e-06,0,0,0,1e-06,0,0,1e-06,0,0,0,1e-06,0,0,0,0,4e-06,1e-06,2e-06,2e-06,2e-06,1.1e-05,0,0,0,0,0,0,0,0,0,0,0,0,0,0,0,0,0,0,0,0,0,2e-06,0,1e-06,0,0,0,0,0,0,0,2e-06,0,0,0,0,0,0,0,0,0,0,0,0,0,0,0,0,0,0,0,0,0,0,0,0,0,0,1e-06,0,2e-06,0,0,0,0,0,1e-06
1951-01-01,1.5e-05,4e-06,0,1.2e-05,0,0,1e-06,0,1e-06,0,0,2e-06,0,0,0,0,0,0,0,3e-06,1e-06,0,4e-06,1e-06,0,0,0,0,0,0,0,0,0,0,0,0,0,0,0,0,0,0,0,0,0,0,0,0,0,0,0,0,0,0,0,0,0,0,0,0,0,0,0,0,0,0,0,0,0,0,1e-06,0,0,0,0,0,0,0,0,0,0,0,0,0,0,0,0,0,0,0,0,0,0,0,0,0,0,0,0,0,0,0,0,0,2e-06,1e-05,7.3e-05,1e-06,1.1e-05,0,0,0,0,0,0,0,0,0,0,0,0,1.6e-05,1e-05,0.000325,0.000374,0,1e-06,1e-06,1e-06,0,3e-06,3e-06,1e-06,2e-06,1e-06,0,0,1e-06,0,0,0,0,0,0,0,0,0,0,0,0,1.3e-05,1e-06,2e-06,0,0,7e-06,0,2e-06,0,0,1.2e-05,0,0,0,0,0,0,0,0,0,0,0,0,0,0,0,0,0,0,0,0,0,0,0,0,0,0,0,0,0,0,0,0,0,0,0,0,0,0,0,0,0,0,0,0,0,0,0,0,0,0,0,0,0,0,0,1e-06,0,0,0,0,2e-06,5e-06,0,0,0,0,0,0,0,0,0,0,0,0,0,0,0,0,0,0,0,0,0,0,0,0,0,0,0,0,5e-06,0,1e-06,1e-06,0,0,0,1e-06,0,0,1e-06,0,0,0,1e-06,0,0,0,0,3e-06,1e-06,2e-06,2e-06,2e-06,1.1e-05,0,0,0,0,0,0,0,0,0,0,0,0,0,0,0,0,0,0,0,0,0,2e-06,0,1e-06,0,0,0,0,0,0,0,2e-06,0,0,0,0,0,0,0,0,0,0,0,0,0,0,0,0,0,0,0,0,0,0,0,0,0,0,0,0,2e-06,0,0,0,0,0,0
1952-01-01,1.4e-05,3e-06,0,1.1e-05,0,0,1e-06,0,1e-06,0,0,2e-06,0,0,0,0,0,0,0,3e-06,1e-06,0,3e-06,1e-06,0,0,0,0,0,0,0,0,0,0,0,0,0,0,0,0,0,0,0,0,0,0,0,0,0,0,0,0,0,0,0,0,0,0,0,0,0,0,0,0,0,0,0,0,0,0,1e-06,0,0,0,0,0,0,0,0,0,0,0,0,0,0,0,0,0,0,0,0,0,0,0,0,0,0,0,0,0,0,0,0,0,2e-06,1e-05,7.4e-05,1e-06,1.1e-05,0,0,0,0,0,0,0,0,0,0,0,0,1.6e-05,1.1e-05,0.000329,0.000378,0,1e-06,1e-06,1e-06,0,2e-06,3e-06,0,2e-06,1e-06,0,0,1e-06,0,0,0,0,0,0,0,0,0,0,0,0,1.2e-05,1e-06,1e-06,0,0,6e-06,0,2e-06,0,0,1.1e-05,0,0,0,0,0,0,0,0,0,0,0,0,0,0,0,0,0,0,0,0,0,0,0,0,0,0,0,0,0,0,0,0,0,0,0,0,0,0,0,0,0,0,0,0,0,0,0,0,0,0,0,0,0,0,0,1e-06,0,0,0,0,2e-06,5e-06,0,0,0,0,0,0,0,0,0,0,0,0,0,0,0,0,0,0,0,0,0,0,0,0,0,0,0,0,4e-06,0,1e-06,1e-06,0,0,0,1e-06,0,0,1e-06,0,0,0,1e-06,0,0,0,0,3e-06,1e-06,2e-06,2e-06,2e-06,1e-05,0,0,0,0,0,0,0,0,0,0,0,0,0,0,0,0,0,0,0,0,0,1e-06,0,1e-06,0,0,0,0,0,0,0,2e-06,0,0,0,0,0,0,0,0,0,0,0,0,0,0,0,0,0,0,0,0,0,0,0,0,0,0,0,0,2e-06,0,0,0,0,0,0
1953-01-01,1.3e-05,3e-06,0,1.1e-05,0,0,1e-06,0,1e-06,0,0,1e-06,0,0,0,0,0,0,0,2e-06,1e-06,0,3e-06,1e-06,0,0,0,0,0,0,0,0,0,0,0,0,0,0,0,0,0,0,0,0,0,0,0,0,0,0,0,0,0,0,0,0,0,0,0,0,0,0,0,0,0,0,0,0,0,0,1e-06,0,0,0,0,0,0,0,0,0,0,0,0,0,0,0,0,0,0,0,0,0,0,0,0,0,0,0,0,0,0,0,0,0,2e-06,1e-05,7.5e-05,1e-06,1.2e-05,0,0,0,0,0,0,0,0,0,0,0,0,1.7e-05,1.1e-05,0.000332,0.000382,0,1e-06,1e-06,1e-06,0,2e-06,2e-06,0,2e-06,1e-06,0,0,1e-06,0,0,0,0,0,0,0,0,0,0,0,0,1.1e-05,1e-06,1e-06,0,0,6e-06,0,2e-06,0,0,1e-05,0,0,0,0,0,0,0,0,0,0,0,0,0,0,0,0,0,0,0,0,0,0,0,0,0,0,0,0,0,0,0,0,0,0,0,0,0,0,0,0,0,0,0,0,0,0,0,0,0,0,0,0,0,0,0,1e-06,0,0,0,0,2e-06,4e-06,0,0,0,0,0,0,0,0,0,0,0,0,0,0,0,0,0,0,0,0,0,0,0,0,0,0,0,0,4e-06,0,1e-06,1e-06,0,0,0,1e-06,0,0,1e-06,0,0,0,0,0,0,0,0,3e-06,1e-06,2e-06,2e-06,1e-06,9e-06,0,0,0,0,0,0,0,0,0,0,0,0,0,0,0,0,0,0,0,0,0,1e-06,0,1e-06,0,0,0,0,0,0,0,2e-06,0,0,0,0,0,0,0,0,0,0,0,0,0,0,0,0,0,0,0,0,0,0,0,0,0,0,0,0,2e-06,0,0,0,0,0,0
1954-01-01,1.2e-05,3e-06,0,1e-05,0,0,1e-06,0,1e-06,0,0,1e-06,0,0,0,0,0,0,0,2e-06,1e-06,0,3e-06,1e-06,0,0,0,0,0,0,0,0,0,0,0,0,0,0,0,0,0,0,0,0,0,0,0,0,0,0,0,0,0,0,0,0,0,0,0,0,0,0,0,0,0,0,0,0,0,0,1e-06,0,0,0,0,0,0,0,0,0,0,0,0,0,0,0,0,0,0,0,0,0,0,0,0,0,0,0,0,0,0,0,0,0,2e-06,1e-05,7.6e-05,1e-06,1.2e-05,0,0,0,0,0,0,0,0,0,0,0,0,1.7e-05,1.1e-05,0.000336,0.000385,0,1e-06,1e-06,1e-06,0,2e-06,2e-06,0,2e-06,1e-06,0,0,1e-06,0,0,0,0,0,0,0,0,0,0,0,0,1.1e-05,1e-06,1e-06,0,0,5e-06,0,2e-06,0,0,1e-05,0,0,0,0,0,0,0,0,0,0,0,0,0,0,0,0,0,0,0,0,0,0,0,0,0,0,0,0,0,0,0,0,0,0,0,0,0,0,0,0,0,0,0,0,0,0,0,0,0,0,0,0,0,0,0,1e-06,0,0,0,0,2e-06,4e-06,0,0,0,0,0,0,0,0,0,0,0,0,0,0,0,0,0,0,0,0,0,0,0,0,0,0,0,0,4e-06,0,1e-06,1e-06,0,0,0,1e-06,0,0,1e-06,0,0,0,0,0,0,0,0,3e-06,1e-06,2e-06,2e-06,1e-06,9e-06,0,0,0,0,0,0,0,0,0,0,0,0,0,0,0,0,0,0,0,0,0,1e-06,0,1e-06,0,0,0,0,0,0,0,1e-06,0,0,0,0,0,0,0,0,0,0,0,0,0,0,0,0,0,0,0,0,0,0,0,0,0,0,0,0,2e-06,0,0,0,0,0,0
1955-01-01,1.1e-05,3e-06,0,9e-06,0,0,1e-06,0,1e-06,0,0,1e-06,0,0,0,0,0,0,0,2e-06,1e-06,0,3e-06,1e-06,0,0,0,0,0,0,0,0,0,0,0,0,0,0,0,0,0,0,0,0,0,0,0,0,0,0,0,0,0,0,0,0,0,0,0,0,0,0,0,0,0,0,0,0,0,0,1e-06,0,0,0,0,0,0,0,0,0,0,0,0,0,0,0,0,0,0,0,0,0,0,0,0,0,0,0,0,0,0,0,0,0,2e-06,1e-05,7.6e-05,1e-06,1.2e-05,1e-06,0,0,0,0,1e-06,0,7e-06,0,0,0,0,1.7e-05,1.1e-05,0.000339,0.000389,0,1e-06,1e-06,1e-06,0,2e-06,2e-06,0,2e-06,1e-06,0,0,1e-06,0,0,0,0,0,0,0,0,0,0,0,0,1e-05,1e-06,1e-06,0,0,5e-06,0,2e-06,0,0,9e-06,0,0,0,0,0,0,0,0,0,0,0,0,0,0,0,0,0,0,0,0,0,0,0,0,0,0,0,0,0,0,0,0,0,0,0,0,0,0,0,0,0,0,0,0,0,0,0,0,0,0,0,0,0,0,0,1e-06,0,0,0,0,2e-06,4e-06,0,0,0,0,0,0,0,0,0,0,2e-06,4e-06,1e-06,0,0,0,0,0,1e-06,0,0,0,0,0,0,0,0,0,3e-06,0,1e-06,1e-06,0,0,0,0,0,0,1e-06,0,0,0,0,0,0,0,0,2e-06,1e-06,2e-06,1e-06,1e-06,8e-06,0,0,0,0,0,0,0,0,0,0,0,0,0,0,0,0,0,0,0,0,0,1e-06,0,1e-06,0,0,0,0,0,0,0,1e-06,0,0,0,0,1e-06,0,0,3e-06,0,0,1e-06,2e-06,0,3e-06,2e-06,0,0,1e-06,0,0,0,4e-06,3e-06,0,0,0,0,0,1e-06,0,0,0,0,0,0
1956-01-01,9e-06,2e-06,0,8e-06,0,0,1e-06,0,1e-06,0,0,1e-06,0,0,0,0,0,0,0,2e-06,1e-06,0,2e-06,1e-06,0,0,0,0,0,0,0,0,0,0,0,0,0,0,0,0,0,0,0,0,0,0,0,0,0,0,0,0,0,0,0,0,0,0,0,0,0,0,0,0,0,0,0,0,0,0,1e-06,0,0,0,0,0,0,0,0,0,0,0,0,0,0,0,0,0,0,0,0,0,0,0,0,0,0,0,0,0,0,0,0,0,2e-06,1.1e-05,7.7e-05,1e-06,1.2e-05,0,0,0,0,0,0,0,0,0,0,0,0,1.7e-05,1.1e-05,0.000343,0.000393,0,1e-06,1e-06,1e-06,0,2e-06,2e-06,0,2e-06,1e-06,0,0,1e-06,0,0,0,0,0,0,0,0,0,0,0,0,9e-06,1e-06,1e-06,0,0,4e-06,0,1e-06,0,0,8e-06,0,0,0,0,0,0,0,0,0,0,0,0,0,0,0,0,0,0,0,0,0,0,0,0,0,0,0,0,0,0,0,0,0,0,0,0,0,0,0,0,0,0,0,0,0,0,0,0,0,0,0,0,0,0,0,1e-06,0,0,0,0,2e-06,3e-06,0,0,0,0,0,0,0,0,0,0,0,0,0,0,0,0,0,0,0,0,0,0,0,0,0,0,0,0,3e-06,0,0,1e-06,0,0,0,0,0,0,1e-06,0,0,0,0,0,0,0,0,2e-06,1e-06,2e-06,1e-06,1e-06,7e-06,0,0,0,0,0,0,0,0,0,0,0,0,0,0,0,0,0,0,0,0,0,1e-06,0,1e-06,0,0,0,0,0,0,0,1e-06,0,0,0,0,0,0,0,0,0,0,0,0,0,0,0,0,0,0,0,0,0,0,0,0,0,0,0,0,1e-06,0,0,0,0,0,0
1957-01-01,8e-06,2e-06,0,7e-06,0,0,0,0,1e-06,0,0,1e-06,0,0,0,0,0,0,0,2e-06,0,0,2e-06,1e-06,0,0,0,0,0,0,0,0,0,0,0,0,0,0,0,0,0,0,0,0,0,0,0,0,0,0,0,0,0,0,0,0,0,0,0,0,0,0,0,0,0,0,0,0,0,0,1e-06,0,0,0,0,0,0,0,0,0,0,0,0,0,0,0,0,0,0,0,0,0,0,0,0,0,0,0,0,0,0,0,0,0,2e-06,1.1e-05,7.8e-05,1e-06,1.2e-05,0,0,0,0,0,0,0,0,0,0,0,0,1.7e-05,1.1e-05,0.000346,0.000397,0,1e-06,0,1e-06,0,1e-06,2e-06,0,1e-06,1e-06,0,0,1e-06,0,0,0,0,0,0,0,0,0,0,0,0,9e-06,1e-06,1e-06,0,0,4e-06,0,1e-06,0,0,7e-06,0,0,0,0,0,0,0,0,0,0,0,0,0,0,0,0,0,0,0,0,0,0,0,0,0,0,0,0,0,0,0,0,0,0,0,0,0,0,0,0,0,0,0,0,0,0,0,0,0,0,0,0,0,0,0,1e-06,0,0,0,0,1e-06,3e-06,0,0,0,0,0,0,0,0,0,0,0,0,0,0,0,0,0,0,0,0,0,0,0,0,0,0,0,0,3e-06,0,0,1e-06,0,0,0,0,0,0,1e-06,0,0,0,0,0,0,0,0,2e-06,0,1e-06,1e-06,1e-06,6e-06,0,0,0,0,0,0,0,0,0,0,0,0,0,0,0,0,0,0,0,0,0,1e-06,0,1e-06,0,0,0,0,0,0,0,1e-06,0,0,0,0,0,0,0,0,0,0,0,0,0,0,0,0,0,0,0,0,0,0,0,0,0,0,0,0,1e-06,0,0,0,0,0,0
1958-01-01,7e-06,2e-06,0,6e-06,0,0,0,0,0,0,0,1e-06,0,0,0,0,0,0,0,1e-06,0,0,2e-06,1e-06,0,0,0,0,0,0,0,0,0,0,0,0,0,0,0,0,0,0,0,0,0,0,0,0,0,0,0,0,0,0,0,0,0,0,0,0,0,0,0,0,0,0,0,0,0,0,0,0,0,0,0,0,0,0,0,0,0,0,0,0,0,0,0,0,0,0,0,0,0,0,0,0,0,0,0,0,0,0,0,0,2e-06,1.1e-05,7.9e-05,1e-06,1.2e-05,0,0,0,0,0,0,0,0,0,0,0,0,1.7e-05,1.1e-05,0.000349,0.000401,0,1e-06,0,1e-06,0,1e-06,1e-06,0,1e-06,1e-06,0,0,1e-06,0,0,0,0,0,0,0,0,0,0,0,0,8e-06,1e-06,1e-06,0,0,3e-06,0,1e-06,0,0,6e-06,0,0,0,0,0,0,0,0,0,0,0,0,0,0,0,0,0,0,0,0,0,0,0,0,0,0,0,0,0,0,0,0,0,0,0,0,0,0,0,0,0,0,0,0,0,0,0,0,0,0,0,0,0,0,0,0,0,0,0,0,1e-06,2e-06,0,0,0,0,0,0,0,0,0,0,0,0,0,0,0,0,0,0,0,0,0,0,0,0,0,0,0,0,2e-06,0,0,1e-06,0,0,0,0,0,0,1e-06,0,0,0,0,0,0,0,0,2e-06,0,1e-06,1e-06,1e-06,6e-06,0,0,0,0,0,0,0,0,0,0,0,0,0,0,0,0,0,0,0,0,0,1e-06,0,0,0,0,0,0,0,0,0,1e-06,0,0,0,0,0,0,0,0,0,0,0,0,0,0,0,0,0,0,0,0,0,0,0,0,0,0,0,0,1e-06,0,0,0,0,0,0
1959-01-01,6e-06,2e-06,0,5e-06,0,0,0,0,0,0,0,1e-06,0,0,0,0,0,0,0,1e-06,0,0,2e-06,1e-06,0,0,0,0,0,0,0,0,0,0,0,0,0,0,0,0,0,0,0,0,0,0,0,0,0,0,0,0,0,0,0,0,0,0,0,0,0,0,0,0,0,0,0,0,0,0,0,0,0,0,0,0,0,0,0,0,0,0,0,0,0,0,0,0,0,0,0,0,0,0,0,0,0,0,0,0,0,0,0,0,2e-06,1.1e-05,8e-05,1e-06,1.2e-05,0,0,0,0,0,0,0,0,0,0,0,0,1.8e-05,1.1e-05,0.000353,0.000405,0,1e-06,0,1e-06,0,1e-06,1e-06,0,1e-06,0,0,0,1e-06,0,0,0,0,0,0,0,0,0,0,0,0,7e-06,0,1e-06,0,0,3e-06,0,1e-06,0,0,5e-06,0,0,0,0,0,0,0,0,0,0,0,1e-06,0,0,0,0,0,0,0,0,0,0,0,0,0,0,0,0,0,0,0,0,0,0,0,0,0,0,0,0,0,0,0,0,0,0,0,0,0,0,0,0,0,0,0,0,0,0,0,0,1e-06,2e-06,0,0,0,0,0,0,0,0,0,0,0,0,0,0,0,0,0,0,0,0,0,0,0,0,0,0,0,0,2e-06,0,0,0,0,0,0,0,0,0,1e-06,0,0,0,0,0,0,0,0,1e-06,0,1e-06,1e-06,1e-06,5e-06,0,0,0,0,0,0,0,0,0,0,0,0,0,0,0,0,0,0,0,0,0,1e-06,0,0,0,0,0,0,0,0,0,1e-06,0,0,0,0,0,0,0,0,0,0,0,0,0,0,0,0,0,0,0,0,0,0,0,0,0,0,0,0,1e-06,0,0,0,0,0,0
1960-01-01,5e-06,1e-06,0,4e-06,0,0,0,0,0,0,0,1e-06,0,0,0,0,0,0,0,1e-06,0,0,1e-06,0,0,0,0,0,0,0,0,0,0,0,0,0,0,0,0,0,0,0,0,0,0,0,0,0,0,0,0,0,0,0,0,0,0,0,0,0,0,0,0,0,0,0,0,0,0,0,0,0,0,0,0,0,0,0,0,0,0,0,0,0,0,0,0,0,0,0,0,0,0,0,0,0,0,0,0,0,0,0,0,0,2e-06,1.1e-05,8e-05,1e-06,1.2e-05,0,0,0,0,0,0,0,0,0,0,0,0,1.8e-05,1.1e-05,0.000356,0.000409,0,0,0,0,0,1e-06,1e-06,0,1e-06,0,0,0,0,0,0,0,0,0,0,0,0,0,0,0,0,7e-06,0,1e-06,0,0,2e-06,0,1e-06,0,0,4e-06,0,0,0,0,0,0,0,0,0,0,0,1e-06,0,0,0,0,0,0,0,0,0,0,0,0,0,0,0,0,0,0,0,0,0,0,0,0,0,0,0,0,0,0,0,0,0,0,0,0,0,0,0,0,0,0,0,0,0,0,0,0,1e-06,2e-06,0,0,0,0,0,0,0,0,0,0,0,0,0,0,0,0,0,0,0,0,0,0,0,0,0,0,0,0,2e-06,0,0,0,0,0,0,0,0,0,0,0,0,0,0,0,0,0,0,1e-06,0,1e-06,1e-06,1e-06,4e-06,0,0,0,0,0,0,0,0,0,0,0,0,0,0,0,0,0,0,0,0,0,1e-06,0,0,0,0,0,0,0,0,0,1e-06,0,0,0,0,0,0,0,0,0,0,0,0,0,0,0,0,0,0,0,0,0,0,0,0,0,0,0,0,1e-06,0,0,0,0,0,0
1961-01-01,4e-06,1e-06,0,4e-06,0,0,0,0,0,0,0,1e-06,0,0,0,0,0,0,0,1e-06,0,0,1e-06,0,0,0,0,0,0,0,0,0,0,0,0,0,0,0,0,0,0,0,0,0,0,0,0,0,0,0,0,0,0,0,0,0,0,0,0,0,0,0,0,0,0,0,0,0,0,0,0,0,0,0,0,0,0,0,0,0,0,0,0,0,0,0,0,0,0,0,0,0,0,0,0,0,0,0,0,0,0,0,0,0,2e-06,1.1e-05,8.1e-05,1e-06,1.3e-05,0,0,0,0,0,0,0,0,0,0,0,0,1.8e-05,1.2e-05,0.00036,0.000413,0,0,0,0,0,1e-06,1e-06,0,1e-06,0,0,0,0,0,0,0,0,0,0,0,0,0,0,0,0,6e-06,0,1e-06,0,0,2e-06,0,1e-06,0,0,4e-06,0,0,0,0,0,0,0,0,0,0,0,1e-06,0,0,0,0,0,0,0,0,0,0,0,0,0,0,0,0,0,0,0,0,0,0,0,0,0,0,0,0,0,0,0,0,0,0,0,0,0,0,0,0,0,0,0,0,0,0,0,0,1e-06,1e-06,0,0,0,0,0,0,0,0,0,0,0,0,0,0,0,0,0,0,0,0,0,0,0,0,0,0,0,0,2e-06,0,0,0,0,0,0,0,0,0,0,0,0,0,0,0,0,0,0,1e-06,0,1e-06,1e-06,1e-06,3e-06,0,0,0,0,0,0,0,0,0,0,0,0,0,0,0,0,0,0,0,0,0,1e-06,0,0,0,0,0,0,0,0,0,1e-06,0,0,0,0,0,0,0,0,0,0,0,0,0,0,0,0,0,0,0,0,0,0,0,0,0,0,0,0,1e-06,0,0,0,0,0,0
1962-01-01,3e-06,1e-06,0,3e-06,0,0,0,0,0,0,0,0,0,0,0,0,0,0,0,1e-06,0,0,1e-06,0,0,0,0,0,0,0,0,0,0,0,0,0,0,0,0,0,0,0,0,0,0,0,0,0,0,0,0,0,0,0,0,0,0,0,0,0,0,0,0,0,0,0,0,0,0,0,0,0,0,0,0,0,0,0,0,0,0,0,0,0,0,0,0,0,0,0,0,0,0,0,0,0,0,0,0,0,0,0,0,0,2e-06,1.1e-05,8.2e-05,1e-06,1.3e-05,0,0,0,0,0,0,0,0,0,0,0,0,1.8e-05,1.2e-05,0.000363,0.000417,0,0,0,0,0,1e-06,1e-06,0,1e-06,0,0,0,0,0,0,0,0,0,0,0,0,0,0,0,0,5e-06,0,1e-06,0,0,1e-06,0,0,0,0,3e-06,0,0,0,0,0,0,0,0,0,0,0,1e-06,0,0,0,0,0,0,0,0,0,0,0,0,0,0,0,0,0,0,0,0,0,0,0,0,0,0,0,0,0,0,0,0,0,0,0,0,0,0,0,0,0,0,0,0,0,0,0,0,1e-06,1e-06,0,0,0,0,0,0,0,0,0,0,0,0,0,0,0,0,0,0,0,0,0,0,0,0,0,0,0,0,1e-06,0,0,0,0,0,0,0,0,0,0,0,0,0,0,0,0,0,0,1e-06,0,1e-06,0,0,3e-06,0,0,0,0,0,0,0,0,0,0,0,0,0,0,0,0,0,0,0,0,0,0,0,0,0,0,0,0,0,0,0,0,0,0,0,0,0,0,0,0,0,0,0,0,0,0,0,0,0,0,0,0,0,0,0,0,0,0,0,0,0,0,0,0,0,0,0
1963-01-01,2e-06,1e-06,0,2e-06,0,0,0,0,0,0,0,0,0,0,0,0,0,0,0,0,0,0,1e-06,0,0,0,0,0,0,0,0,0,0,0,0,0,0,0,0,0,0,0,0,0,0,0,0,0,0,0,0,0,0,0,0,0,0,0,0,0,0,0,0,0,0,0,0,0,0,0,0,0,0,0,0,0,0,0,0,0,0,0,0,0,0,0,0,0,0,0,0,0,0,0,0,0,0,0,0,0,0,0,0,0,2e-06,1.1e-05,8.3e-05,1e-06,1.3e-05,0,0,0,0,0,0,0,0,0,0,0,0,1.8e-05,1.2e-05,0.000367,0.000421,0,0,0,0,0,0,0,0,0,0,0,0,0,0,0,0,0,0,0,0,0,0,0,0,0,5e-06,0,1e-06,0,0,1e-06,0,0,0,0,2e-06,0,0,0,0,0,0,0,0,0,0,0,1e-06,0,0,0,0,0,0,0,0,0,0,0,0,0,0,0,0,0,0,0,0,0,0,0,0,0,0,0,0,0,0,0,0,0,0,0,0,0,0,0,0,0,0,0,0,0,0,0,0,0,1e-06,0,0,0,0,0,0,0,0,0,0,0,0,0,0,0,0,0,0,0,0,0,0,0,0,0,0,0,0,1e-06,0,0,0,0,0,0,0,0,0,0,0,0,0,0,0,0,0,0,1e-06,0,0,0,0,2e-06,0,0,0,0,0,0,0,0,0,0,0,0,0,0,0,0,0,0,0,0,0,0,0,0,0,0,0,0,0,0,0,0,0,0,0,0,0,0,0,0,0,0,0,0,0,0,0,0,0,0,0,0,0,0,0,0,0,0,0,0,0,0,0,0,0,0,0
1964-01-01,1e-06,0,0,1e-06,0,0,0,0,0,0,0,0,0,0,0,0,0,0,0,0,0,0,0,0,0,0,0,0,0,0,0,0,0,0,0,0,0,0,0,0,0,0,0,0,0,0,0,0,0,0,0,0,0,0,0,0,0,0,0,0,0,0,0,0,0,0,0,0,0,0,0,0,0,0,0,0,0,0,0,0,0,0,0,0,0,0,0,0,0,0,0,0,0,0,0,0,0,0,0,0,0,0,0,0,2e-06,1.1e-05,8.3e-05,1e-06,1.3e-05,0,0,0,0,0,0,0,0,0,0,0,0,1.9e-05,1.2e-05,0.00037,0.000425,0,0,0,0,0,0,0,0,0,0,0,0,0,0,0,0,0,0,0,0,0,0,0,0,0,4e-06,0,0,0,0,1e-06,0,0,0,0,1e-06,0,0,0,0,0,0,0,0,0,0,0,1e-06,0,0,0,0,0,0,0,0,0,0,0,0,0,0,0,0,0,0,0,0,0,0,0,0,0,0,0,0,0,0,0,0,0,0,0,0,0,0,0,0,0,0,0,0,0,0,0,0,0,0,0,0,0,0,0,0,0,0,0,0,0,0,0,0,0,0,0,0,0,0,0,0,0,0,0,0,0,0,1e-06,0,0,0,0,0,0,0,0,0,0,0,0,0,0,0,0,0,0,0,0,0,0,0,1e-06,0,0,0,0,0,0,0,0,0,0,0,0,0,0,0,0,0,0,0,0,0,0,0,0,0,0,0,0,0,0,0,0,0,0,0,0,0,0,0,0,0,0,0,0,0,0,0,0,0,0,0,0,0,0,0,0,0,0,0,0,0,0,0,0,0,0,0
1965-01-01,0,0,0,0,0,0,0,0,0,0,0,0,0,0,0,0,0,0,0,0,0,0,0,0,0,0,0,0,0,0,0,0,0,0,0,0,0,0,0,0,0,0,0,0,0,0,0,0,0,0,0,0,0,0,0,0,0,0,0,0,0,0,0,0,0,0,0,0,0,0,0,0,0,0,0,0,0,0,0,0,0,0,0,0,0,0,0,0,0,0,0,0,0,0,0,0,0,0,0,0,0,0,0,0,2e-06,1.2e-05,8.4e-05,1e-06,1.3e-05,0,0,0,0,0,0,0,0,0,0,0,0,1.9e-05,1.2e-05,0.000374,0.000429,0,0,0,0,0,0,0,0,0,0,0,0,0,0,0,0,0,0,0,0,0,0,0,0,0,3e-06,0,0,0,0,0,0,0,0,0,0,0,0,0,0,0,0,0,0,0,0,0,1e-06,0,0,0,0,0,0,0,0,0,0,0,0,0,0,0,0,0,0,0,0,0,0,0,0,0,0,0,0,0,0,0,0,0,0,0,0,0,0,0,0,0,0,0,0,0,0,0,0,0,0,0,0,0,0,0,0,0,0,0,0,0,0,0,0,0,0,0,0,0,0,0,0,0,0,0,0,0,0,0,0,0,0,0,0,0,0,0,0,0,0,0,0,0,0,0,0,0,0,0,0,0,0,0,0,0,0,0,0,0,0,0,0,0,0,0,0,0,0,0,0,0,0,0,0,0,0,0,0,0,0,0,0,0,0,0,0,0,0,0,0,0,0,0,0,0,0,0,0,0,0,0,0,0,0,0,0,0,0,0,0,0,0,0,0,0,0,0,0,0,0
1966-01-01,0,0,0,0,0,0,0,0,0,0,0,0,0,0,0,0,0,0,0,0,0,0,0,0,0,0,0,0,0,0,0,0,0,0,0,0,0,0,0,0,0,0,0,0,0,0,0,0,0,0,0,0,0,0,0,0,0,0,0,0,0,0,0,0,0,0,0,0,0,0,0,0,0,0,0,0,0,0,0,0,0,0,0,0,0,0,0,0,0,0,0,0,0,0,0,0,0,0,0,0,0,0,0,0,2e-06,1.2e-05,8.4e-05,1e-06,1.3e-05,0,0,0,0,0,0,0,0,0,0,0,0,1.9e-05,1.2e-05,0.000373,0.000429,0,0,0,0,0,0,0,0,0,0,0,0,0,0,0,0,0,0,0,0,0,0,0,0,0,3e-06,0,0,0,0,0,0,0,0,0,0,0,0,0,0,0,0,0,0,0,0,0,1e-06,0,0,0,0,0,0,0,0,0,0,0,0,0,0,0,0,0,0,0,0,0,0,0,0,0,0,0,0,0,0,0,0,0,0,0,0,0,0,0,0,0,0,0,0,0,0,0,0,0,0,0,0,0,0,0,0,0,0,0,0,0,0,0,0,0,0,0,0,0,0,0,0,0,0,0,0,0,0,0,0,0,0,0,0,0,0,0,0,0,0,0,0,0,0,0,0,0,0,0,0,0,0,0,0,0,0,0,0,0,0,0,0,0,0,0,0,0,0,0,0,0,0,0,0,0,0,0,0,0,0,0,0,0,0,0,0,0,0,0,0,0,0,0,0,0,0,0,0,0,0,0,0,0,0,0,0,0,0,0,0,0,0,0,0,0,0,0,0,0,0
1967-01-01,0,0,0,0,0,0,0,0,0,0,0,0,0,0,0,0,0,0,0,0,0,0,0,0,0,0,0,0,0,0,0,0,0,0,0,0,0,0,0,0,0,0,0,0,0,0,0,0,0,0,0,0,0,0,0,0,0,0,0,0,0,0,0,0,0,0,0,0,0,0,0,0,0,0,0,0,0,0,0,0,0,0,0,0,0,0,0,0,0,0,0,0,0,0,0,0,0,0,0,0,0,0,0,0,2e-06,1.1e-05,8.4e-05,1e-06,1.3e-05,0,0,0,0,0,0,0,0,0,0,0,0,1.9e-05,1.2e-05,0.000373,0.000428,0,0,0,0,0,0,0,0,0,0,0,0,0,0,0,0,0,0,0,0,0,0,0,0,0,3e-06,0,0,0,0,0,0,0,0,0,0,0,0,0,0,0,0,0,0,0,0,0,1e-06,0,0,0,0,0,0,0,0,0,0,0,0,0,0,0,0,0,0,0,0,0,0,0,0,0,0,0,0,0,0,0,0,0,0,0,0,0,0,0,0,0,0,0,0,0,0,0,0,0,0,0,0,0,0,0,0,0,0,0,0,0,0,0,0,0,0,0,0,0,0,0,0,0,0,0,0,0,0,0,0,0,0,0,0,0,0,0,0,0,0,0,0,0,0,0,0,0,0,0,0,0,0,0,0,0,0,0,0,0,0,0,0,0,0,0,0,0,0,0,0,0,0,0,0,0,0,0,0,0,0,0,0,0,0,0,0,0,0,0,0,0,0,0,0,0,0,0,0,0,0,0,0,0,0,0,0,0,0,0,0,0,0,0,0,0,0,0,0,0,0
1968-01-01,0,0,0,0,0,0,0,0,0,0,0,0,0,0,0,0,0,0,0,0,0,0,0,0,0,0,0,0,0,0,0,0,0,0,0,0,0,0,0,0,0,0,0,0,0,0,0,0,0,0,0,0,0,0,0,0,0,0,0,0,0,0,0,0,0,0,0,0,0,0,0,0,0,0,0,0,0,0,0,0,0,0,0,0,0,0,0,0,0,0,0,0,0,0,0,0,0,0,0,0,0,0,0,0,2e-06,1.1e-05,8.4e-05,1e-06,1.3e-05,0,0,0,0,0,0,0,0,0,0,0,0,1.9e-05,1.2e-05,0.000373,0.000428,0,0,0,0,0,0,0,0,0,0,0,0,0,0,0,0,0,0,0,0,0,0,0,0,0,3e-06,0,0,0,0,0,0,0,0,0,0,0,0,0,0,0,0,0,0,0,0,0,1e-06,0,0,0,0,0,0,0,0,0,0,0,0,0,0,0,0,0,0,0,0,0,0,0,0,0,0,0,0,0,0,0,0,0,0,0,0,0,0,0,0,0,0,0,0,0,0,0,0,0,0,0,0,0,0,0,0,0,0,0,0,0,0,0,0,0,0,0,0,0,0,0,0,0,0,0,0,0,0,0,0,0,0,0,0,0,0,0,0,0,0,0,0,0,0,0,0,0,0,0,0,0,0,0,0,0,0,0,0,0,0,0,0,0,0,0,0,0,0,0,0,0,0,0,0,0,0,0,0,0,0,0,0,0,0,0,0,0,0,0,0,0,0,0,0,0,0,0,0,0,0,0,0,0,0,0,0,0,0,0,0,0,0,0,0,0,0,0,0,0,0
1969-01-01,0,0,0,0,0,0,0,0,0,0,0,0,0,0,0,0,0,0,0,0,0,0,0,0,0,0,0,0,0,0,0,0,0,0,0,0,0,0,0,0,0,0,0,0,0,0,0,0,0,0,0,0,0,0,0,0,0,0,0,0,0,0,0,0,0,0,0,0,0,0,0,0,0,0,0,0,0,0,0,0,0,0,0,0,0,0,0,0,0,0,0,0,0,0,0,0,0,0,0,0,0,0,0,0,2e-06,1.1e-05,8.4e-05,1e-06,1.3e-05,0,0,0,0,0,0,0,0,0,0,0,0,1.9e-05,1.2e-05,0.000372,0.000428,0,0,0,0,0,0,0,0,0,0,0,0,0,0,0,0,0,0,0,0,0,0,0,0,0,4e-06,0,0,0,0,0,0,0,0,0,0,0,0,0,0,0,0,0,0,0,0,0,1e-06,0,0,0,0,0,0,0,0,0,0,0,0,0,0,0,0,0,0,0,0,0,0,0,0,0,0,0,0,0,0,0,0,0,0,0,0,0,0,0,0,0,0,0,0,0,0,0,0,0,0,0,0,0,0,0,0,0,0,0,0,0,0,0,0,0,0,0,0,0,0,0,0,0,0,0,0,0,0,0,0,0,0,0,0,0,0,0,0,0,0,0,0,0,0,0,0,0,0,0,0,0,0,0,0,0,0,0,0,0,0,0,0,0,0,0,0,0,0,0,0,0,0,0,0,0,0,0,0,0,0,0,0,0,0,0,0,0,0,0,0,0,0,0,0,0,0,0,0,0,0,0,0,0,0,0,0,0,0,0,0,0,0,0,0,0,0,0,0,0,0
1970-01-01,0,0,0,0,0,0,0,0,0,0,0,0,0,0,0,0,0,0,0,0,0,0,0,0,0,0,0,0,0,0,0,0,0,0,0,0,0,0,0,0,0,0,0,0,0,0,0,0,0,0,0,0,0,0,0,0,0,0,0,0,0,0,0,0,0,0,0,0,0,0,0,0,0,0,0,0,0,0,0,0,0,0,0,0,0,0,0,0,0,0,0,0,0,0,0,0,0,0,0,0,0,0,0,0,2e-06,1.1e-05,8.4e-05,1e-06,1.3e-05,0,0,0,0,0,0,0,0,0,0,0,0,1.9e-05,1.2e-05,0.000372,0.000427,0,0,0,0,0,0,0,0,0,0,0,0,0,0,0,0,0,0,0,0,0,0,0,0,0,4e-06,0,0,0,0,0,0,0,0,0,0,0,0,0,0,0,0,0,0,0,0,0,1e-06,0,0,0,0,0,0,0,0,0,0,0,0,0,0,0,0,0,0,0,0,0,0,0,0,0,0,0,0,0,0,0,0,0,0,0,0,0,0,0,0,0,0,0,0,0,0,0,0,0,0,0,0,0,0,0,0,0,0,0,0,0,0,0,0,0,0,0,0,0,0,0,0,0,0,0,0,0,0,0,0,0,0,0,0,0,0,0,0,0,0,0,0,0,0,0,0,0,0,0,0,0,0,0,0,0,0,0,0,0,0,0,0,0,0,0,0,0,0,0,0,0,0,0,0,0,0,0,0,0,0,0,0,0,0,0,0,0,0,0,0,0,0,0,0,0,0,0,0,0,0,0,0,0,0,0,0,0,0,0,0,0,0,0,0,0,0,0,0,0,0
1971-01-01,0,0,0,0,0,0,0,0,0,0,0,0,0,0,0,0,0,0,0,0,0,0,0,0,0,0,0,0,0,0,0,0,0,0,0,0,0,0,0,0,0,0,0,0,0,0,0,0,0,0,0,0,0,0,0,0,0,0,0,0,0,0,0,0,0,0,0,0,0,0,0,0,0,0,0,0,0,0,0,0,0,0,0,0,0,0,0,0,0,0,0,0,0,0,0,0,0,0,0,0,0,0,0,0,2e-06,1.1e-05,8.4e-05,1e-06,1.3e-05,0,0,0,0,0,0,0,0,0,0,0,0,1.9e-05,1.2e-05,0.000372,0.000427,0,0,0,0,0,0,0,0,0,0,0,0,0,0,0,0,0,0,0,0,0,0,0,0,0,4e-06,0,0,0,0,0,0,0,0,0,0,0,0,0,0,0,0,0,0,0,0,0,1e-06,0,0,0,0,0,0,0,0,0,0,0,0,0,0,0,0,0,0,0,0,0,0,0,0,0,0,0,0,0,0,0,0,0,0,0,0,0,0,0,0,0,0,0,0,0,0,0,0,0,0,0,0,0,0,0,0,0,0,0,0,0,0,0,0,0,0,0,0,0,0,0,0,0,0,0,0,0,0,0,0,0,0,0,0,0,0,0,0,0,0,0,0,0,0,0,0,0,0,0,0,0,0,0,0,0,0,0,0,0,0,0,0,0,0,0,0,0,0,0,0,0,0,0,0,0,0,0,0,0,0,0,0,0,0,0,0,0,0,0,0,0,0,0,0,0,0,0,0,0,0,0,0,0,0,0,0,0,0,0,0,0,0,0,0,0,0,0,0,0,0
1972-01-01,0,0,0,0,0,0,0,0,0,0,0,0,0,0,0,0,0,0,0,0,0,0,0,0,0,0,0,0,0,0,0,0,0,0,0,0,0,0,0,0,0,0,0,0,0,0,0,0,0,0,0,0,0,0,0,0,0,0,0,0,0,0,0,0,0,0,0,0,0,0,0,0,0,0,0,0,0,0,0,0,0,0,0,0,0,0,0,0,0,0,0,0,0,0,0,0,0,0,0,0,0,0,0,0,2e-06,1.1e-05,8.4e-05,1e-06,1.3e-05,0,0,0,0,0,0,0,0,0,0,0,0,1.9e-05,1.2e-05,0.000371,0.000426,0,0,0,0,0,0,0,0,0,0,0,0,0,0,0,0,0,0,0,0,0,0,0,0,0,4e-06,0,0,0,0,0,0,0,0,0,0,0,0,0,0,0,0,0,0,0,0,0,1e-06,0,0,0,0,0,0,0,0,0,0,0,0,0,0,0,0,0,0,0,0,0,0,0,0,0,0,0,0,0,0,0,0,0,0,0,0,0,0,0,0,0,0,0,0,0,0,0,0,0,0,0,0,0,0,0,0,0,0,0,0,0,0,0,0,0,0,0,0,0,0,0,0,0,0,0,0,0,0,0,0,0,0,0,0,0,0,0,0,0,0,0,0,0,0,0,0,0,0,0,0,0,0,0,0,0,0,0,0,0,0,0,0,0,0,0,0,0,0,0,0,0,0,0,0,0,0,0,0,0,0,0,0,0,0,0,0,0,0,0,0,0,0,0,0,0,0,0,0,0,0,0,0,0,0,0,0,0,0,0,0,0,0,0,0,0,0,0,0,0,0
1973-01-01,0,0,0,0,0,0,0,0,0,0,0,0,0,0,0,0,0,0,0,0,0,0,0,0,0,0,0,0,0,0,0,0,0,0,0,0,0,0,0,0,0,0,0,0,0,0,0,0,0,0,0,0,0,0,0,0,0,0,0,0,0,0,0,0,0,0,0,0,0,0,0,0,0,0,0,0,0,0,0,0,0,0,0,0,0,0,0,0,0,0,0,0,0,0,0,0,0,0,0,0,0,0,0,0,2e-06,1.1e-05,8.4e-05,1e-06,1.3e-05,0,0,0,0,0,0,0,0,0,0,0,0,1.9e-05,1.2e-05,0.000371,0.000426,0,0,0,0,0,0,0,0,0,0,0,0,0,0,0,0,0,0,0,0,0,0,0,0,0,4e-06,0,0,0,0,0,0,0,0,0,0,0,0,0,0,0,0,0,0,0,0,0,1e-06,0,0,0,0,0,0,0,0,0,0,0,0,0,0,0,0,0,0,0,0,0,0,0,0,0,0,0,0,0,0,0,0,0,0,0,0,0,0,0,0,0,0,0,0,0,0,0,0,0,1e-06,0,0,0,0,0,0,0,0,0,0,0,0,0,0,0,0,0,0,0,0,0,0,0,0,0,0,0,0,0,0,0,0,0,0,0,0,0,0,0,0,0,0,0,0,0,0,0,0,0,0,0,0,0,0,0,0,0,0,0,0,0,0,0,0,0,0,0,0,0,0,0,0,0,0,0,0,0,0,0,0,0,0,0,0,0,0,0,0,0,0,0,0,0,0,0,0,0,0,0,0,0,0,0,0,0,0,0,0,0,0,0,0,0,0,0,0,0,0,0,0
1974-01-01,0,0,0,0,0,0,0,0,0,0,0,0,0,0,0,0,0,0,0,0,0,0,0,0,0,0,0,0,0,0,0,0,0,0,0,0,0,0,0,0,0,0,0,0,0,0,0,0,0,0,0,0,0,0,0,0,0,0,0,0,0,0,0,0,0,0,0,0,0,0,0,0,0,0,0,0,0,0,0,0,0,0,0,0,0,0,0,0,0,0,0,0,0,0,0,0,0,0,0,0,0,0,0,0,2e-06,1.1e-05,8.4e-05,1e-06,1.3e-05,0,0,0,0,0,0,0,0,0,0,0,0,1.9e-05,1.2e-05,0.00037,0.000426,0,0,0,0,0,0,0,0,0,0,0,0,0,0,0,0,0,0,0,0,0,0,0,0,0,4e-06,0,0,0,0,0,0,0,0,0,0,0,0,0,0,0,0,0,0,0,0,0,1e-06,0,0,0,0,0,0,0,0,0,0,0,0,0,0,0,0,0,0,0,0,0,0,0,0,0,0,0,0,0,0,0,0,0,0,0,0,0,0,0,0,0,0,0,0,0,0,0,0,0,1e-06,0,0,0,0,0,0,0,0,0,0,0,0,0,0,0,0,0,0,0,0,0,0,0,0,0,0,0,0,0,0,0,0,0,0,0,0,0,0,0,0,0,0,0,0,0,0,0,0,0,0,0,0,0,0,0,0,0,0,0,0,0,0,0,0,0,0,0,0,0,0,0,0,0,0,0,0,0,0,0,0,0,0,0,0,0,0,0,0,0,0,0,0,0,0,0,0,0,0,0,0,0,0,0,0,0,0,0,0,0,0,0,0,0,0,0,0,0,0,0,0
1975-01-01,0,0,0,0,0,0,0,0,0,0,0,0,0,0,0,0,0,0,0,0,0,0,0,0,0,0,0,0,0,0,0,0,0,0,0,0,0,0,0,0,0,0,0,0,0,0,0,0,0,0,0,0,0,0,0,0,0,0,0,0,0,0,0,0,0,0,0,0,0,0,0,0,0,0,0,0,0,0,0,0,0,0,0,0,0,0,0,0,0,0,0,0,0,0,0,0,0,0,0,0,0,0,0,0,2e-06,1.1e-05,8.3e-05,1e-06,1.3e-05,0,0,0,0,0,0,0,0,0,0,0,0,1.9e-05,1.2e-05,0.00037,0.000425,0,0,0,0,0,0,0,0,0,0,0,0,0,0,0,0,0,0,0,0,0,0,0,0,0,4e-06,0,1e-06,0,0,0,0,0,0,0,0,0,0,0,0,0,0,0,0,0,0,0,1e-06,0,0,0,0,0,0,0,0,0,0,0,0,0,0,0,0,0,0,0,0,0,0,0,0,0,0,0,0,0,0,0,0,0,0,0,0,0,0,0,0,0,0,0,0,0,0,0,0,0,1e-06,0,0,0,0,0,0,0,0,0,0,0,0,0,0,0,0,0,0,0,0,0,0,0,0,0,0,0,0,0,0,0,0,0,0,0,0,0,0,0,0,0,0,0,0,0,0,0,0,0,0,0,0,0,0,0,0,0,0,0,0,0,0,0,0,0,0,0,0,0,0,0,0,0,0,0,0,0,0,0,0,0,0,0,0,0,0,0,0,0,0,0,0,0,0,0,0,0,0,0,0,0,0,0,0,0,0,0,0,0,0,0,0,0,0,0,0,0,0,0,0
1976-01-01,0,0,0,0,0,0,0,0,0,0,0,0,0,0,0,0,0,0,0,0,0,0,0,0,0,0,0,0,0,0,0,0,0,0,0,0,0,0,0,0,0,0,0,0,0,0,0,0,0,0,0,0,0,0,0,0,0,0,0,0,0,0,0,0,0,0,0,0,0,0,0,0,0,0,0,0,0,0,0,0,0,0,0,0,0,0,0,0,0,0,0,0,0,0,0,0,0,0,0,0,0,0,0,0,2e-06,1.1e-05,8.3e-05,1e-06,1.3e-05,0,0,0,0,0,0,0,0,0,0,0,0,1.9e-05,1.2e-05,0.00037,0.000425,0,0,0,0,0,0,0,0,0,0,0,0,0,0,0,0,0,0,0,0,0,0,0,0,0,4e-06,0,1e-06,0,0,0,0,0,0,0,0,0,0,0,0,0,0,0,0,0,0,0,1e-06,0,0,0,0,0,0,0,0,0,0,0,0,0,0,0,0,0,0,0,0,0,0,0,0,0,0,0,0,0,0,0,0,0,0,0,0,0,0,0,0,0,0,0,0,0,0,0,0,0,1e-06,0,0,0,0,0,0,0,0,0,0,0,1e-06,0,0,0,0,0,0,0,0,0,0,0,0,0,0,0,0,0,0,0,0,0,0,0,0,0,0,0,0,0,0,0,0,0,0,0,0,0,0,0,0,0,0,0,0,0,0,0,0,0,0,0,0,0,0,0,0,0,0,0,0,0,0,0,0,0,0,0,0,0,0,0,0,0,0,0,0,0,0,0,0,0,0,0,0,0,0,0,0,0,0,0,0,0,0,0,0,0,0,0,0,0,0,0,0,0,0,0,0
1977-01-01,0,0,0,0,0,0,0,0,0,0,0,0,0,0,0,0,0,0,0,0,0,0,0,0,0,0,0,0,0,0,0,0,0,0,0,0,0,0,0,0,0,0,0,0,0,1e-06,0,0,0,0,0,0,0,0,0,0,0,0,0,0,0,0,0,0,0,0,0,0,0,0,0,0,0,0,0,0,0,0,0,0,0,0,0,0,0,0,0,0,0,0,0,0,0,0,0,0,0,0,0,0,0,0,0,0,2e-06,1.1e-05,8.3e-05,1e-06,1.3e-05,0,0,0,0,0,0,0,0,0,0,0,0,2e-05,1.2e-05,0.000391,0.000424,0,0,0,0,0,0,0,0,0,0,0,0,0,0,0,0,0,0,0,0,0,0,0,0,0,5e-06,0,1e-06,0,0,0,0,0,0,0,0,0,0,0,0,0,0,0,0,0,0,0,1e-06,0,0,0,0,0,0,0,0,0,0,0,0,0,0,0,0,0,0,0,0,0,0,0,0,0,0,0,0,0,0,0,0,0,0,0,1e-06,0,0,0,0,0,0,0,0,0,0,0,0,0,1e-06,0,0,0,0,0,0,0,0,0,0,0,1e-06,0,0,0,0,0,0,0,0,0,0,0,0,0,0,0,0,0,0,0,0,0,0,0,0,0,0,1e-06,0,0,0,0,0,0,0,0,0,0,0,0,0,0,0,0,0,0,0,0,0,0,0,0,0,0,0,0,0,0,0,0,0,0,0,0,0,0,0,0,0,0,0,0,0,1e-06,0,0,0,0,0,0,0,0,0,0,0,0,0,0,0,0,0,0,0,0,0,0,0,0,0,0,0,0,0,0,0,0,0,0,0
1978-01-01,0,0,0,0,0,0,0,0,0,0,0,0,0,0,0,0,0,0,0,0,0,0,0,0,0,0,0,0,0,0,0,0,1e-06,0,0,0,0,0,0,0,0,0,0,0,0,2e-06,0,0,0,0,0,0,0,0,0,0,0,0,0,0,0,0,0,0,0,0,0,0,0,0,0,0,0,0,0,0,0,0,0,0,0,0,0,0,0,0,0,1e-06,0,0,0,0,0,0,0,0,0,0,0,0,0,0,0,0,2e-06,1.1e-05,8.3e-05,1e-06,1.3e-05,0,0,0,0,0,0,0,1e-06,0,0,0,0,2.1e-05,1.2e-05,0.000413,0.000423,0,0,0,0,0,0,0,0,0,0,0,0,0,0,0,0,0,0,0,0,0,0,0,0,0,5e-06,0,0,0,0,0,0,0,0,0,0,0,0,0,0,0,0,0,0,0,0,0,1e-06,0,0,0,0,0,0,0,0,0,0,0,0,0,0,0,0,0,0,0,0,0,0,0,0,0,0,0,0,0,0,0,0,1e-06,0,0,1e-06,0,0,0,0,0,0,0,0,0,0,0,0,1e-06,1e-06,0,0,0,0,0,0,0,0,0,0,0,1e-06,0,0,0,0,0,0,0,0,0,0,0,0,0,0,0,0,0,0,0,0,0,0,0,0,0,0,1e-06,0,0,0,0,0,0,0,0,0,0,0,0,0,0,0,0,0,0,0,0,0,0,0,0,0,0,0,0,0,0,0,0,0,0,0,0,0,0,0,0,0,0,0,0,0,1e-06,0,0,0,0,0,0,0,0,0,0,0,0,0,0,0,0,0,0,0,0,0,0,0,0,0,0,0,0,0,0,0,0,0,0,0
1979-01-01,0,0,0,0,0,0,0,0,0,0,0,0,0,0,0,0,0,0,0,0,0,0,0,0,0,0,0,0,0,0,0,0,1e-06,0,0,0,0,0,0,0,0,0,1e-06,0,0,3e-06,0,0,0,0,1e-06,0,0,0,0,0,0,0,0,0,0,0,0,0,0,0,0,0,0,0,1e-06,0,0,0,0,0,0,0,0,0,0,0,0,0,0,0,0,1e-06,0,0,0,0,0,0,0,0,0,0,0,0,0,0,0,0,2e-06,1.2e-05,8.3e-05,1e-06,1.3e-05,0,0,0,0,0,0,0,1e-06,0,0,0,0,2.3e-05,1.2e-05,0.000434,0.000422,0,0,0,0,0,0,0,0,0,0,0,0,0,0,0,0,0,0,0,0,0,0,0,0,0,5e-06,0,0,0,0,0,0,0,0,0,0,0,0,0,0,0,0,0,0,0,0,0,1e-06,0,0,0,0,0,0,0,0,0,0,0,0,0,0,0,0,0,0,0,0,0,0,0,0,0,0,0,0,0,0,0,0,1e-06,0,0,2e-06,0,0,0,0,0,0,0,0,0,0,0,0,1e-06,1e-06,0,0,0,0,0,0,0,0,0,0,0,2e-06,0,0,0,0,0,0,0,0,0,0,0,0,0,0,0,0,1e-06,0,0,1e-06,0,0,0,0,0,0,2e-06,0,0,0,0,0,0,0,0,0,0,0,0,0,0,0,0,0,0,0,0,0,0,0,0,0,0,0,0,0,0,0,0,0,0,0,1e-06,0,0,0,0,0,0,0,0,0,1e-06,0,0,0,0,0,0,0,0,0,0,0,0,0,0,0,0,0,0,0,0,0,0,0,0,0,0,0,0,0,0,0,0,0,0,0
1980-01-01,0,0,0,0,0,0,0,0,0,0,0,0,0,0,0,0,0,0,0,0,0,0,0,0,0,0,0,0,0,0,0,0,1e-06,0,0,0,0,0,0,0,0,0,1e-06,0,0,3e-06,0,0,0,0,1e-06,0,0,0,0,0,0,0,0,0,0,0,0,0,0,0,0,0,0,0,1e-06,0,0,0,0,0,0,0,0,0,0,0,0,0,0,0,0,1e-06,0,0,0,0,0,0,0,0,0,0,0,0,0,0,0,0,2e-06,1.2e-05,8.4e-05,1e-06,1.3e-05,0,0,0,0,0,0,0,2e-06,0,0,0,0,2.4e-05,1.2e-05,0.000456,0.000422,0,0,0,0,0,0,0,0,0,0,0,0,0,0,0,0,0,0,0,0,0,0,0,0,0,6e-06,0,0,0,0,0,0,0,0,0,0,0,0,0,0,0,0,0,0,0,0,0,1e-06,0,0,0,0,0,0,0,0,0,0,0,0,0,0,0,0,0,0,0,0,0,0,0,0,0,0,0,0,0,0,0,0,1e-06,0,0,2e-06,0,0,0,0,0,0,0,0,0,0,0,0,1e-06,1e-06,0,0,0,0,0,0,0,0,0,0,0,2e-06,0,0,0,0,0,0,0,0,0,0,0,0,0,0,0,0,1e-06,0,0,1e-06,0,0,0,0,0,0,2e-06,0,0,0,0,0,0,0,0,0,0,0,0,0,0,0,0,0,0,0,0,0,0,0,0,0,0,0,0,0,0,0,0,0,0,0,1e-06,0,0,0,0,0,0,0,0,0,1e-06,0,0,0,0,0,0,0,0,0,0,0,0,0,0,0,0,0,0,0,0,0,0,0,0,0,0,0,0,0,0,0,0,0,0,0
1981-01-01,0,0,0,0,0,0,0,0,0,0,0,0,0,0,0,0,0,0,0,0,0,0,0,0,0,0,0,0,0,0,0,0,2e-06,0,0,0,0,0,0,0,0,0,1e-06,0,0,4e-06,0,0,0,0,1e-06,0,0,0,0,0,0,0,0,0,0,0,0,0,0,0,0,0,0,0,1e-06,0,0,0,0,0,0,0,0,0,0,0,0,0,0,0,0,2e-06,0,0,0,0,0,0,0,0,0,0,0,0,0,0,0,0,2e-06,1.2e-05,8.4e-05,1e-06,1.3e-05,0,0,0,0,0,0,0,2e-06,0,0,0,0,2.6e-05,1.2e-05,0.000477,0.000421,0,0,0,0,0,0,0,0,0,0,0,0,0,0,0,0,0,0,0,0,0,0,0,0,0,6e-06,0,0,0,0,0,0,0,0,0,0,0,0,0,0,0,0,0,0,0,0,0,1e-06,0,0,0,0,0,0,0,0,0,0,0,0,0,0,0,0,0,0,0,0,0,0,0,0,0,0,0,0,0,0,0,0,1e-06,0,0,3e-06,0,0,0,0,0,0,0,0,0,0,0,0,1e-06,1e-06,0,0,0,0,0,0,0,0,0,0,0,2e-06,0,0,0,0,0,0,0,0,0,0,0,0,0,0,0,0,1e-06,0,0,1e-06,0,0,0,0,0,0,3e-06,0,0,0,0,0,0,0,0,0,0,0,0,0,1e-06,0,0,0,0,0,0,0,0,0,0,0,0,0,0,0,0,0,0,0,0,0,1e-06,0,0,0,0,0,0,0,0,0,1e-06,0,0,0,0,0,0,0,0,0,0,0,0,0,0,0,0,0,0,0,0,0,0,0,0,0,0,0,0,0,0,0,0,0,0,0
1982-01-01,0,0,0,0,0,0,0,0,0,0,0,0,0,0,0,0,0,0,0,0,0,0,0,0,0,0,0,0,0,0,0,0,2e-06,0,0,0,0,0,0,0,0,0,1e-06,0,0,5e-06,0,0,0,0,1e-06,0,0,0,0,0,0,0,0,0,0,0,0,0,0,0,0,0,0,0,1e-06,0,0,1e-06,0,0,0,0,0,0,0,0,0,0,0,0,0,2e-06,0,0,0,0,0,0,0,0,0,0,0,0,0,0,0,0,2e-06,1.2e-05,8.4e-05,1e-06,1.3e-05,0,0,0,0,0,0,0,2e-06,0,0,0,0,2.7e-05,1.2e-05,0.000498,0.00042,0,0,0,0,0,0,0,0,0,0,0,0,0,0,0,0,0,0,0,0,0,0,0,0,0,6e-06,0,0,0,0,0,0,0,0,0,0,0,0,0,0,0,0,0,0,0,0,0,1e-06,0,0,0,0,0,0,0,0,0,0,0,0,0,0,0,0,0,0,0,0,0,0,0,0,0,0,0,0,0,0,0,0,2e-06,0,0,3e-06,0,0,0,0,0,0,0,0,0,0,0,0,1e-06,1e-06,0,0,0,0,0,0,0,0,0,0,0,3e-06,1e-06,0,0,0,0,0,1e-06,0,0,0,0,0,0,0,0,0,1e-06,0,0,1e-06,0,0,0,0,0,0,3e-06,0,0,0,0,0,0,0,0,0,0,0,0,0,1e-06,0,0,0,0,0,0,0,0,0,0,0,0,0,0,0,0,0,0,0,0,0,1e-06,0,0,0,0,0,0,0,0,0,1e-06,0,0,0,0,0,0,0,0,0,0,0,0,0,0,0,0,0,0,0,0,0,0,0,0,0,0,0,0,0,0,0,0,0,0,0
1983-01-01,0,0,0,0,0,0,0,0,0,0,0,0,0,0,0,0,0,0,0,0,0,0,0,0,0,0,0,0,0,0,0,0,2e-06,0,0,0,0,0,0,0,0,0,1e-06,0,0,6e-06,0,0,0,0,2e-06,0,0,0,0,0,0,0,0,0,0,0,0,0,0,0,0,0,0,0,1e-06,0,0,1e-06,0,0,0,0,0,0,0,0,0,0,0,0,0,2e-06,0,0,0,0,0,0,1e-06,0,0,0,0,0,0,0,0,0,2e-06,1.2e-05,8.4e-05,1e-06,1.3e-05,0,0,0,0,0,0,0,3e-06,0,0,0,0,2.9e-05,1.2e-05,0.00052,0.000419,0,0,0,0,0,0,0,0,0,0,0,0,0,0,0,0,0,0,0,0,0,0,0,0,0,6e-06,0,0,0,0,0,0,0,0,0,0,0,0,0,0,0,0,0,0,0,0,0,1e-06,0,0,0,0,0,0,0,0,0,0,0,0,0,0,0,0,0,0,1e-06,0,0,0,0,0,0,0,0,0,0,0,0,0,2e-06,0,0,4e-06,0,0,0,0,0,0,0,1e-06,0,0,0,0,1e-06,1e-06,0,0,0,0,0,0,0,0,0,0,0,3e-06,1e-06,0,0,0,0,0,1e-06,0,0,0,0,0,0,0,0,0,1e-06,0,0,2e-06,0,0,0,0,0,0,4e-06,0,0,0,0,0,0,0,0,1e-06,0,0,0,0,1e-06,0,0,0,0,0,0,0,0,0,0,0,0,0,0,0,0,0,0,0,0,0,1e-06,0,0,0,0,0,0,0,0,0,1e-06,0,0,0,0,0,0,0,0,0,0,0,0,0,0,0,0,0,0,0,0,0,0,0,0,0,0,0,0,0,0,0,0,0,0,0
1984-01-01,0,0,0,0,0,0,0,0,0,0,0,0,0,0,0,0,0,0,0,0,0,0,0,0,0,0,0,0,0,0,0,0,2e-06,0,0,0,0,0,0,0,0,0,2e-06,0,0,7e-06,0,0,0,0,2e-06,0,0,0,0,0,0,0,0,0,0,0,0,0,0,0,0,0,0,0,1e-06,0,0,1e-06,0,0,0,0,0,0,0,0,0,0,0,0,0,3e-06,0,0,0,0,0,0,1e-06,0,0,0,0,0,0,0,0,0,2e-06,1.2e-05,8.4e-05,1e-06,1.2e-05,0,0,0,0,0,0,0,3e-06,0,0,0,0,3e-05,1.2e-05,0.000541,0.000418,0,0,0,0,0,0,0,0,0,0,0,0,0,0,0,0,0,0,0,0,0,0,0,0,0,7e-06,0,0,0,0,0,0,0,0,0,0,0,0,0,0,0,0,0,0,0,0,0,1e-06,0,0,0,0,0,0,0,1e-06,0,0,0,0,0,0,0,0,0,0,1e-06,0,0,0,0,0,0,0,0,0,0,0,0,0,2e-06,0,0,5e-06,0,0,0,0,0,0,0,1e-06,0,0,0,0,2e-06,1e-06,0,0,0,0,0,0,0,0,0,0,0,3e-06,1e-06,0,0,0,0,0,1e-06,0,0,0,0,0,0,0,0,0,1e-06,0,1e-06,2e-06,0,0,0,0,0,0,4e-06,0,0,0,0,0,0,0,0,1e-06,0,0,0,0,1e-06,0,0,0,0,0,0,0,0,0,0,0,0,0,0,0,0,0,0,0,0,0,1e-06,0,0,0,0,0,0,0,0,0,1e-06,0,0,0,0,0,0,0,0,0,0,0,0,0,0,0,0,0,0,0,0,0,1e-06,0,0,0,0,0,0,0,0,0,0,0,0,0
1985-01-01,0,0,0,0,0,0,0,0,0,0,0,0,0,0,0,0,0,0,0,0,0,0,0,0,0,0,0,0,0,0,0,0,3e-06,0,0,0,0,0,0,0,0,0,2e-06,0,0,8e-06,0,0,0,0,2e-06,0,0,0,0,0,0,0,0,0,0,0,0,0,0,0,0,0,0,0,2e-06,0,0,1e-06,0,0,0,0,0,0,0,0,0,0,0,0,0,3e-06,0,0,0,0,0,0,1e-06,0,0,0,0,0,0,0,0,0,2e-06,1.2e-05,8.4e-05,1e-06,1.2e-05,0,0,0,0,0,0,0,4e-06,0,0,0,0,3.1e-05,1.2e-05,0.000563,0.000418,0,0,0,0,0,0,0,0,0,0,0,0,0,0,0,0,0,0,0,0,0,0,0,0,0,7e-06,0,0,0,0,0,0,0,0,0,0,0,0,0,0,0,0,0,0,0,0,0,1e-06,0,0,0,0,0,0,0,1e-06,0,0,0,0,0,0,0,0,0,0,1e-06,0,0,0,0,0,0,0,0,0,0,0,0,0,3e-06,0,0,5e-06,1e-06,0,0,0,1e-06,0,0,1e-06,0,0,0,0,2e-06,1e-06,0,0,0,0,0,0,0,0,0,0,0,4e-06,1e-06,0,0,0,0,0,1e-06,0,0,0,0,0,0,0,0,0,1e-06,0,1e-06,2e-06,0,0,0,0,0,0,5e-06,0,0,0,0,0,0,0,0,1e-06,0,0,0,0,1e-06,0,0,0,0,0,0,0,0,0,0,0,0,0,0,0,0,0,0,0,0,0,1e-06,0,0,0,0,0,0,0,0,0,2e-06,0,0,0,0,0,0,0,0,0,0,0,0,0,0,0,0,0,0,0,0,0,1e-06,0,0,0,0,0,0,0,0,0,0,0,0,0
1986-01-01,0,0,0,0,0,0,0,0,0,0,0,0,0,0,0,0,0,0,0,0,0,0,0,0,0,0,0,0,0,0,0,0,3e-06,0,0,0,0,0,0,0,0,0,2e-06,0,0,9e-06,0,0,0,0,2e-06,0,0,0,0,0,0,0,0,0,0,0,0,0,0,0,0,0,0,0,2e-06,0,0,1e-06,0,0,0,0,0,0,0,0,0,0,0,0,0,3e-06,0,0,0,0,0,1e-06,1e-06,0,0,0,0,1e-06,0,0,0,0,2e-06,1.2e-05,8.4e-05,1e-06,1.2e-05,0,0,0,0,0,0,0,4e-06,0,0,0,0,3.3e-05,1.2e-05,0.000584,0.000417,0,0,0,0,0,0,0,0,0,0,0,0,0,0,0,0,0,0,0,0,0,0,0,0,0,7e-06,1e-06,0,0,0,0,0,0,0,0,1e-06,0,0,0,0,0,0,0,0,0,0,0,1e-06,0,0,0,0,0,0,0,1e-06,0,0,0,0,0,0,0,0,0,0,1e-06,0,0,0,0,0,0,0,0,0,0,0,0,0,3e-06,0,0,6e-06,1e-06,0,0,0,1e-06,0,0,1e-06,0,0,0,0,2e-06,2e-06,0,0,0,0,0,0,0,0,0,0,0,4e-06,1e-06,0,0,0,0,0,1e-06,0,0,0,0,0,0,0,0,0,2e-06,0,1e-06,2e-06,0,0,0,0,0,0,5e-06,0,0,0,0,0,0,0,0,1e-06,0,1e-06,0,0,1e-06,0,0,0,0,0,0,0,0,0,0,0,0,0,0,0,0,0,0,0,0,0,1e-06,0,0,0,0,0,0,0,0,0,2e-06,0,0,0,0,0,0,0,0,0,0,0,0,0,0,0,0,0,0,0,0,0,1e-06,0,0,0,0,0,0,0,0,0,0,0,0,0
1987-01-01,0,0,0,0,0,0,0,0,0,0,0,0,0,0,0,0,0,0,0,0,0,0,0,0,0,0,0,0,0,0,0,0,3e-06,0,0,0,0,0,0,0,0,0,2e-06,0,0,9e-06,0,0,0,0,3e-06,0,0,0,0,0,0,0,0,0,0,0,0,0,0,0,0,0,0,0,2e-06,0,0,1e-06,0,0,0,0,0,0,0,0,0,0,0,0,0,4e-06,0,0,0,0,0,1e-06,1e-06,0,0,0,0,1e-06,0,0,0,0,2e-06,1.2e-05,8.4e-05,1e-06,1.2e-05,0,0,0,0,0,0,0,4e-06,0,0,0,0,3.4e-05,1.2e-05,0.000606,0.000416,0,0,0,0,0,0,0,0,0,0,0,0,0,0,0,0,0,0,0,0,0,0,0,0,0,8e-06,1e-06,0,0,0,0,0,0,0,0,1e-06,0,0,0,0,0,0,0,0,0,0,0,2e-06,0,0,0,0,0,0,0,1e-06,0,0,0,0,0,0,0,0,0,0,1e-06,0,0,0,0,0,0,0,0,0,0,0,0,0,3e-06,0,0,6e-06,1e-06,0,0,0,1e-06,0,0,1e-06,0,0,0,0,2e-06,2e-06,0,0,0,0,0,0,0,0,0,0,0,4e-06,1e-06,0,0,0,0,0,1e-06,0,0,0,0,0,0,0,0,0,2e-06,0,1e-06,3e-06,0,0,0,0,0,0,6e-06,0,0,0,0,0,0,0,0,1e-06,0,1e-06,0,0,1e-06,0,0,0,0,0,0,0,0,0,0,0,0,0,0,0,0,0,0,0,0,0,1e-06,0,0,0,0,0,0,0,0,0,2e-06,0,0,0,0,0,0,0,0,0,0,0,0,0,0,0,0,0,0,0,0,0,1e-06,0,0,0,0,0,0,0,0,0,0,0,0,0
1988-01-01,0,0,0,0,0,0,0,0,0,0,0,0,0,0,0,0,0,0,0,0,0,0,0,0,0,0,0,0,0,0,0,0,4e-06,0,0,0,0,0,0,0,0,0,2e-06,0,0,1e-05,0,0,0,0,3e-06,0,0,0,0,0,0,0,0,0,0,0,0,0,0,0,0,0,0,0,2e-06,0,0,1e-06,0,0,0,0,0,0,0,0,0,0,0,1e-06,0,4e-06,0,0,0,0,0,1e-06,1e-06,0,0,0,0,1e-06,0,0,0,0,2e-06,1.2e-05,8.4e-05,1e-06,1.2e-05,0,0,0,0,0,0,0,5e-06,0,0,0,0,3.6e-05,1.2e-05,0.000627,0.000415,0,0,0,0,0,0,0,0,0,0,0,0,0,0,0,0,0,0,0,0,0,0,0,0,0,8e-06,1e-06,0,0,0,0,0,0,0,0,1e-06,0,0,0,0,0,0,0,0,0,0,0,2e-06,0,0,0,0,0,0,0,1e-06,0,0,0,0,0,0,0,0,0,0,1e-06,0,0,0,0,0,0,0,0,0,0,0,0,0,4e-06,0,0,7e-06,1e-06,0,0,0,1e-06,0,0,1e-06,0,0,0,0,2e-06,2e-06,0,0,0,0,0,0,0,0,0,0,0,5e-06,1e-06,0,0,0,0,0,1e-06,0,0,0,0,0,0,0,0,0,2e-06,0,1e-06,3e-06,0,0,0,0,0,0,6e-06,0,0,0,0,0,0,0,0,1e-06,0,1e-06,0,0,1e-06,0,0,0,0,0,0,0,0,0,0,0,0,0,0,0,0,0,0,0,0,0,1e-06,0,0,0,0,0,0,0,0,0,2e-06,0,0,0,0,0,0,0,0,0,0,0,0,0,0,0,0,0,0,0,0,0,1e-06,0,0,0,0,0,0,0,0,0,0,0,0,0
1989-01-01,0,0,0,0,0,0,0,0,0,0,0,0,0,0,0,0,0,0,0,0,0,0,0,0,0,0,0,0,0,0,0,0,4e-06,0,0,0,0,0,0,0,0,0,2e-06,0,1e-06,1.1e-05,0,0,0,0,3e-06,0,0,0,0,0,0,0,0,0,0,0,0,0,0,0,0,0,0,0,2e-06,0,0,1e-06,0,0,0,0,0,0,0,0,0,0,0,1e-06,0,4e-06,0,0,0,0,0,1e-06,1e-06,0,0,0,0,1e-06,0,0,1e-06,0,2e-06,1.2e-05,8.4e-05,1e-06,1.2e-05,0,0,0,0,0,0,0,5e-06,0,0,0,0,3.7e-05,1.2e-05,0.000649,0.000415,0,0,0,0,0,0,0,0,0,0,0,0,0,0,0,0,0,0,0,0,0,0,0,0,0,8e-06,1e-06,0,0,0,0,0,0,0,0,1e-06,0,0,0,0,0,0,0,0,0,0,0,2e-06,0,0,0,0,0,0,0,1e-06,0,0,0,0,0,0,0,0,0,0,1e-06,0,1e-06,0,0,0,0,0,0,0,0,0,0,0,4e-06,0,0,7e-06,1e-06,0,0,0,1e-06,0,0,1e-06,0,0,0,0,2e-06,2e-06,0,0,0,0,0,0,0,0,0,0,0,5e-06,1e-06,0,0,0,0,0,1e-06,0,0,0,0,0,0,0,0,0,2e-06,0,1e-06,3e-06,0,0,0,0,0,0,7e-06,0,0,0,0,0,0,0,0,1e-06,0,1e-06,0,0,1e-06,0,0,0,0,0,0,0,0,0,0,0,0,0,0,0,0,0,0,0,0,0,1e-06,0,0,0,0,0,0,0,0,0,2e-06,0,0,0,0,0,0,0,1e-06,0,0,0,0,0,0,0,0,0,0,0,0,0,1e-06,0,0,0,0,0,0,0,0,0,0,0,0,0
1990-01-01,0,0,0,0,0,0,0,0,0,0,0,0,0,0,0,0,0,0,0,0,0,0,0,0,0,0,0,0,0,0,0,0,4e-06,0,0,0,0,0,0,0,0,0,3e-06,0,1e-06,1.2e-05,0,0,0,0,3e-06,0,0,0,0,0,0,0,0,0,0,0,0,0,0,0,0,0,0,0,2e-06,0,0,1e-06,0,0,0,0,0,0,0,0,0,0,0,1e-06,1e-06,5e-06,0,1e-06,0,0,0,1e-06,1e-06,0,0,0,0,1e-06,0,0,1e-06,0,2e-06,1.2e-05,8.4e-05,1e-06,1.2e-05,0,0,0,0,0,0,0,6e-06,0,0,0,0,3.9e-05,1.2e-05,0.00067,0.000414,0,0,0,0,0,0,0,0,0,0,0,0,0,0,0,0,0,0,0,0,0,0,0,0,0,9e-06,1e-06,0,0,0,0,0,0,0,0,1e-06,0,0,0,0,0,0,0,0,0,0,0,2e-06,0,0,0,0,0,0,0,1e-06,0,0,0,0,0,0,0,0,0,0,1e-06,0,1e-06,0,0,0,0,0,0,0,0,0,0,0,4e-06,0,0,8e-06,1e-06,0,0,0,1e-06,0,0,1e-06,0,0,0,0,3e-06,2e-06,0,0,0,0,0,0,0,0,0,0,0,5e-06,1e-06,0,0,0,0,0,1e-06,0,0,0,0,0,0,0,0,0,2e-06,0,1e-06,3e-06,0,0,0,0,0,0,7e-06,0,0,0,0,0,0,0,0,1e-06,0,1e-06,0,0,2e-06,0,0,0,0,0,0,0,0,0,0,0,0,0,0,0,0,0,0,0,0,0,1e-06,0,0,0,0,0,0,0,0,0,2e-06,0,0,0,0,0,0,0,1e-06,0,0,0,0,0,0,0,0,0,0,0,0,0,1e-06,0,0,0,0,0,0,0,0,0,0,0,0,0
1991-01-01,0,0,0,0,0,0,0,0,0,0,0,0,0,0,0,0,0,0,0,0,0,0,0,0,0,0,0,0,0,0,0,0,5e-06,0,0,0,0,0,0,0,0,0,3e-06,0,1e-06,1.3e-05,0,0,0,0,4e-06,0,0,0,0,0,0,0,0,0,0,0,0,0,0,0,0,0,0,0,3e-06,0,0,1e-06,0,0,0,0,0,0,0,0,0,0,0,1e-06,1e-06,5e-06,0,1e-06,0,0,0,1e-06,1e-06,0,0,0,0,1e-06,0,0,1e-06,0,2e-06,1.2e-05,8.4e-05,1e-06,1.2e-05,0,0,0,0,0,0,0,6e-06,0,0,0,0,4e-05,1.2e-05,0.000692,0.000413,0,0,0,0,0,0,0,0,0,0,0,0,0,0,0,0,0,0,0,0,0,0,0,0,0,9e-06,1e-06,0,0,0,1e-06,0,0,0,0,1e-06,0,0,0,0,0,0,0,0,0,0,0,2e-06,0,0,0,0,0,0,0,1e-06,0,0,0,0,0,0,0,0,0,0,1e-06,0,1e-06,0,0,0,0,0,0,0,0,0,0,0,4e-06,0,0,8e-06,1e-06,0,0,0,1e-06,0,0,1e-06,0,0,0,0,3e-06,2e-06,0,0,0,0,0,0,0,0,0,0,0,6e-06,1e-06,0,0,0,0,0,1e-06,0,0,0,0,0,0,0,0,0,2e-06,0,1e-06,4e-06,0,0,0,0,0,0,8e-06,0,0,0,0,0,0,0,0,1e-06,0,1e-06,0,0,2e-06,0,0,0,0,0,0,0,0,0,0,0,0,0,0,0,0,0,0,0,0,0,1e-06,0,0,0,0,0,0,0,0,0,2e-06,0,0,0,0,0,0,0,1e-06,0,0,0,0,0,0,0,0,0,0,0,0,0,1e-06,0,0,0,0,0,0,0,0,0,0,0,0,0
1992-01-01,0,0,0,0,0,0,0,0,0,0,0,0,0,0,0,0,0,0,0,0,0,0,0,0,0,0,0,0,0,0,0,0,5e-06,0,0,0,0,0,0,0,0,0,3e-06,0,1e-06,1.4e-05,0,0,0,0,4e-06,0,0,0,0,0,0,0,0,0,0,0,0,0,0,0,0,0,0,0,3e-06,0,0,1e-06,0,0,0,0,0,0,0,0,0,0,0,1e-06,1e-06,5e-06,0,1e-06,0,0,0,1e-06,1e-06,0,0,0,0,1e-06,0,0,1e-06,0,2e-06,1.2e-05,8.4e-05,1e-06,1.2e-05,1e-06,0,0,0,0,0,0,6e-06,0,0,0,0,4.2e-05,1.1e-05,0.000713,0.000412,0,0,0,0,0,0,0,0,0,0,0,0,0,0,0,0,0,0,0,0,0,0,0,0,0,9e-06,1e-06,0,0,0,1e-06,0,0,0,0,1e-06,0,0,0,0,0,0,0,0,0,0,1e-06,2e-06,0,0,0,0,0,0,0,1e-06,0,0,0,0,0,0,0,0,0,0,1e-06,0,1e-06,0,0,0,0,0,0,0,0,0,0,0,5e-06,0,0,9e-06,1e-06,0,0,0,1e-06,0,0,1e-06,0,0,0,0,3e-06,2e-06,0,0,0,0,0,0,0,0,0,0,0,6e-06,1e-06,0,0,0,0,0,1e-06,0,0,0,0,0,0,0,0,0,3e-06,0,1e-06,4e-06,0,0,0,0,0,0,8e-06,0,0,0,0,0,0,0,0,1e-06,0,1e-06,0,0,2e-06,0,0,0,0,0,0,0,0,0,0,0,0,0,0,0,0,0,0,0,0,0,2e-06,0,0,0,0,0,0,0,0,0,2e-06,0,0,0,0,0,0,0,1e-06,0,0,0,0,0,1e-06,0,0,0,0,0,0,0,1e-06,0,0,0,0,0,0,0,0,0,0,0,0,0
1993-01-01,0,0,0,0,0,0,0,0,0,0,0,0,0,0,0,0,0,0,0,0,0,0,1e-06,0,0,0,0,0,0,0,0,0,5e-06,0,0,0,0,0,0,0,0,0,3e-06,0,1e-06,1.5e-05,0,0,0,0,4e-06,0,0,0,0,0,0,0,0,0,0,0,0,0,0,0,0,0,0,0,3e-06,0,0,1e-06,0,0,0,0,0,0,0,0,0,0,0,1e-06,1e-06,6e-06,1e-06,1e-06,0,0,0,1e-06,1e-06,0,0,0,0,1e-06,0,0,1e-06,0,2e-06,1.2e-05,8.4e-05,1e-06,1.2e-05,1e-06,0,0,0,0,0,0,7e-06,0,0,0,0,4.3e-05,1.1e-05,0.000734,0.000411,0,0,0,0,0,0,0,0,0,0,0,0,0,0,0,0,0,0,0,0,0,0,0,0,0,1e-05,1e-06,0,0,0,1e-06,0,0,0,0,1e-06,0,0,0,0,0,0,0,0,0,0,1e-06,2e-06,0,0,0,0,0,0,0,1e-06,0,0,0,0,0,0,0,0,0,0,1e-06,0,1e-06,0,0,1e-06,0,0,0,0,0,0,0,0,5e-06,0,0,1e-05,1e-06,0,0,0,1e-06,0,0,1e-06,0,0,0,0,3e-06,2e-06,0,0,0,0,0,0,0,0,0,0,0,6e-06,1e-06,0,0,0,0,0,1e-06,0,0,0,0,0,0,0,0,0,3e-06,0,1e-06,4e-06,0,0,0,0,0,0,9e-06,0,0,0,0,0,0,0,0,1e-06,0,1e-06,0,0,2e-06,0,0,0,0,0,0,0,0,0,0,0,0,0,0,0,0,0,0,0,0,0,2e-06,0,0,0,0,0,0,0,0,0,2e-06,0,0,0,0,0,0,0,1e-06,0,0,0,0,0,1e-06,0,0,0,0,0,0,0,1e-06,0,0,0,0,0,0,0,0,0,0,0,0,0
1994-01-01,0,0,0,0,0,0,0,0,0,0,0,0,0,0,0,0,0,0,0,0,0,0,1e-06,0,0,0,0,0,0,0,0,0,6e-06,0,0,0,0,0,0,0,0,0,3e-06,0,1e-06,1.5e-05,0,0,0,0,4e-06,0,0,0,0,0,0,0,0,0,0,0,0,0,0,0,0,0,0,0,3e-06,0,0,1e-06,0,0,0,0,0,0,0,0,0,0,0,1e-06,1e-06,6e-06,1e-06,1e-06,0,0,0,1e-06,1e-06,0,0,0,0,1e-06,0,0,1e-06,0,2e-06,1.2e-05,8.4e-05,1e-06,1.2e-05,1e-06,0,0,0,0,0,0,7e-06,0,0,0,0,4.4e-05,1.1e-05,0.000756,0.000411,0,0,0,0,0,0,0,0,0,0,0,0,0,0,0,0,0,0,0,0,0,0,0,0,0,1e-05,1e-06,0,0,0,1e-06,0,0,0,0,1e-06,0,0,0,0,0,0,0,0,0,0,1e-06,2e-06,0,0,0,0,0,0,0,1e-06,0,0,0,0,0,0,0,0,0,0,1e-06,0,1e-06,0,0,1e-06,0,0,0,0,0,0,0,0,5e-06,0,0,1e-05,1e-06,0,0,0,1e-06,0,0,1e-06,0,0,0,0,3e-06,2e-06,0,0,0,0,0,0,0,0,0,0,0,7e-06,1e-06,0,0,0,0,0,1e-06,0,0,0,0,0,0,0,0,0,3e-06,1e-06,1e-06,4e-06,0,0,0,0,0,0,9e-06,0,0,0,0,0,0,0,0,1e-06,0,1e-06,0,0,2e-06,0,0,0,0,0,0,0,0,0,0,0,0,0,0,0,0,0,0,0,0,0,2e-06,0,0,0,0,0,0,0,0,0,3e-06,0,0,0,0,0,0,0,1e-06,0,0,0,0,0,1e-06,0,0,0,0,0,0,0,1e-06,0,0,0,0,0,0,0,0,0,0,0,0,0
1995-01-01,0,0,0,0,0,0,0,0,0,0,0,0,0,0,0,0,0,0,0,0,0,0,1e-06,0,0,0,0,0,0,0,0,0,6e-06,0,0,0,0,0,0,0,0,0,4e-06,0,1e-06,1.6e-05,0,0,0,0,5e-06,0,0,0,0,0,0,0,0,0,0,0,0,0,0,0,0,0,0,0,3e-06,0,0,2e-06,0,0,0,0,0,0,0,0,0,0,0,1e-06,1e-06,6e-06,1e-06,1e-06,0,0,0,1e-06,1e-06,0,0,0,0,1e-06,0,0,1e-06,0,2e-06,1.2e-05,8.4e-05,1e-06,1.2e-05,1e-06,0,0,0,0,0,0,8e-06,0,0,0,0,4.6e-05,1.1e-05,0.000777,0.00041,0,0,0,0,0,0,0,0,0,0,0,0,0,0,0,0,0,0,0,0,0,0,0,0,0,1e-05,1e-06,0,0,0,1e-06,0,0,0,0,1e-06,0,0,0,0,0,0,0,0,0,0,1e-06,2e-06,0,0,0,0,0,0,0,1e-06,0,0,0,0,0,0,0,0,0,0,1e-06,0,1e-06,0,0,1e-06,0,0,0,0,0,0,0,0,6e-06,0,0,1.1e-05,1e-06,0,0,0,1e-06,0,0,1e-06,0,0,0,0,3e-06,2e-06,0,0,0,0,0,0,0,0,0,0,0,7e-06,1e-06,0,0,0,0,0,1e-06,0,0,0,0,0,0,0,0,0,3e-06,1e-06,1e-06,4e-06,0,0,0,0,0,0,1e-05,0,0,0,0,0,0,0,0,1e-06,0,1e-06,0,0,2e-06,0,0,0,0,0,0,0,0,0,0,0,0,0,0,0,0,0,0,0,0,0,2e-06,0,0,0,0,0,0,0,0,0,3e-06,0,0,0,0,0,0,0,1e-06,0,0,0,0,0,1e-06,0,0,0,0,0,0,0,1e-06,0,0,0,0,0,0,0,0,0,0,0,0,0
1996-01-01,0,0,0,0,0,0,0,0,0,0,0,0,0,0,0,0,0,0,0,0,0,0,1e-06,0,0,0,0,0,0,0,0,0,6e-06,0,0,0,0,0,0,0,0,0,4e-06,0,1e-06,1.7e-05,0,0,0,0,5e-06,0,0,0,0,0,0,0,0,0,0,0,0,0,0,0,0,0,0,0,3e-06,0,0,2e-06,0,0,0,0,0,0,0,0,0,0,0,1e-06,1e-06,7e-06,1e-06,1e-06,0,0,0,1e-06,1e-06,0,0,0,0,1e-06,0,0,1e-06,0,2e-06,1.2e-05,8.4e-05,1e-06,1.2e-05,1e-06,0,0,0,0,0,0,8e-06,0,1e-06,0,0,4.7e-05,1.1e-05,0.000799,0.000409,0,0,0,0,0,0,0,0,0,0,0,0,0,0,0,0,0,0,0,0,0,0,0,0,0,1e-05,1e-06,0,0,0,1e-06,0,0,0,0,1e-06,0,0,0,0,0,0,0,0,0,0,1e-06,2e-06,0,0,0,0,0,0,0,1e-06,0,0,0,0,0,0,0,0,0,0,1e-06,0,1e-06,0,0,1e-06,0,0,0,0,0,0,0,0,6e-06,0,0,1.1e-05,1e-06,0,0,0,1e-06,0,0,1e-06,0,0,0,0,4e-06,2e-06,0,0,0,0,0,0,0,0,0,0,0,7e-06,1e-06,0,0,0,0,0,1e-06,0,0,0,0,0,0,0,0,0,3e-06,1e-06,1e-06,5e-06,0,0,0,0,0,0,1e-05,0,0,0,0,0,0,0,0,2e-06,0,1e-06,0,1e-06,2e-06,0,0,0,0,0,0,0,0,0,0,0,0,0,0,0,0,0,0,0,0,0,2e-06,0,0,0,0,0,0,0,0,0,3e-06,0,0,0,0,0,0,0,1e-06,0,0,0,0,0,1e-06,0,0,0,0,0,0,0,1e-06,0,0,0,0,0,0,0,0,0,0,0,0,0
1997-01-01,0,0,0,0,0,0,0,0,0,0,0,0,0,0,0,0,0,0,0,0,0,0,1e-06,0,0,0,0,0,0,0,0,0,6e-06,0,0,0,0,0,0,0,0,0,4e-06,0,1e-06,1.8e-05,0,0,1e-06,0,5e-06,0,0,0,0,0,0,0,0,0,0,0,0,0,0,0,0,0,0,0,4e-06,0,0,2e-06,0,0,0,0,0,0,0,0,0,0,0,1e-06,1e-06,7e-06,1e-06,1e-06,0,0,0,1e-06,1e-06,0,0,0,0,1e-06,0,0,1e-06,0,2e-06,1.2e-05,8.4e-05,1e-06,1.2e-05,1e-06,0,0,0,0,0,0,8e-06,0,1e-06,0,0,4.9e-05,1.1e-05,0.00082,0.000408,0,0,0,0,0,0,0,0,0,0,0,0,0,0,0,0,0,0,0,0,0,0,0,0,0,1.1e-05,1e-06,0,0,0,1e-06,0,0,0,0,1e-06,0,0,0,0,0,0,0,0,0,0,1e-06,2e-06,0,0,0,0,0,0,0,1e-06,0,0,0,0,0,0,0,1e-06,0,0,2e-06,1e-06,1e-06,0,0,1e-06,0,0,0,0,0,0,0,0,6e-06,0,0,1.2e-05,1e-06,0,0,0,1e-06,0,0,1e-06,0,0,0,0,4e-06,3e-06,0,0,0,0,0,0,0,0,0,0,0,8e-06,1e-06,0,0,0,0,0,1e-06,0,0,0,0,0,0,0,0,0,3e-06,1e-06,1e-06,5e-06,0,0,0,0,0,0,1.1e-05,0,0,0,0,0,0,0,0,2e-06,0,1e-06,0,1e-06,2e-06,0,0,0,0,0,0,0,0,0,0,0,0,0,0,0,0,0,0,0,0,0,2e-06,0,0,0,0,0,0,0,0,0,3e-06,0,0,0,0,0,0,0,1e-06,0,0,0,0,0,1e-06,0,0,0,0,0,0,0,1e-06,0,0,0,0,0,0,0,0,0,0,0,0,0
1998-01-01,0,0,0,1e-06,0,0,0,0,0,0,0,0,0,0,0,0,0,0,0,1e-06,0,0,1e-06,0,0,0,0,0,0,0,0,0,6e-06,0,0,0,0,0,0,0,0,0,4e-06,0,1e-06,1.7e-05,0,0,1e-06,0,5e-06,0,0,0,0,0,0,0,0,0,0,0,0,0,0,0,0,0,0,0,4e-06,0,0,2e-06,0,0,0,0,0,0,0,0,0,0,0,1e-06,1e-06,6e-06,1e-06,1e-06,0,0,0,1e-06,1e-06,0,0,0,0,1e-06,0,0,1e-06,0,2e-06,1.2e-05,8.5e-05,1e-06,1.2e-05,1e-06,0,0,0,0,0,0,9e-06,0,1e-06,0,0,4.4e-05,1.2e-05,0.000754,0.000416,0,0,0,0,0,0,0,0,0,0,0,0,0,0,0,0,0,0,0,0,0,0,0,0,0,1e-05,1e-06,0,0,0,1e-06,0,0,0,0,1e-06,0,0,0,0,0,0,0,0,0,0,1e-06,2e-06,0,0,0,0,0,0,0,1e-06,0,0,0,0,0,0,0,0,0,0,1e-06,0,1e-06,0,0,1e-06,0,0,0,0,0,0,0,0,6e-06,0,1e-06,1.1e-05,1e-06,0,0,0,1e-06,0,0,1e-06,0,0,0,0,3e-06,3e-06,0,0,0,0,0,0,0,0,0,0,1e-06,7e-06,1e-06,0,0,0,0,0,1e-06,0,0,0,0,0,0,0,0,0,4e-06,1e-06,2e-06,5e-06,0,0,0,0,0,0,1e-05,0,0,0,0,0,0,0,0,1e-06,0,1e-06,0,1e-06,2e-06,0,0,0,0,0,0,0,0,0,0,0,0,0,0,0,0,0,0,0,0,0,2e-06,0,0,0,0,0,0,0,0,0,3e-06,0,0,0,0,0,0,0,1e-06,0,0,0,0,0,1e-06,0,0,0,0,0,0,0,1e-06,1e-06,0,0,0,0,0,1e-06,0,0,0,0,0,0
1999-01-01,0,0,0,2e-06,0,0,0,0,0,0,0,1e-06,0,0,0,0,0,0,0,1e-06,0,0,1e-06,0,0,0,0,0,0,0,0,0,6e-06,0,0,0,0,0,0,0,0,0,5e-06,1e-06,1e-06,1.6e-05,0,0,2e-06,0,5e-06,0,0,0,0,0,0,0,0,0,0,0,0,0,0,0,0,0,0,0,4e-06,0,0,2e-06,0,0,0,0,0,0,0,0,0,0,0,1e-06,1e-06,6e-06,1e-06,1e-06,0,0,0,1e-06,1e-06,0,0,0,0,1e-06,0,0,1e-06,0,2e-06,1.2e-05,8.6e-05,1e-06,1.2e-05,1e-06,0,0,0,0,0,0,9e-06,0,1e-06,0,0,4e-05,1.2e-05,0.000688,0.000423,0,0,0,0,0,0,0,0,0,0,0,0,0,0,0,0,0,0,0,0,0,0,0,0,0,1e-05,1e-06,1e-06,0,0,1e-06,0,0,0,0,1e-06,0,0,0,0,0,0,0,0,0,0,1e-06,2e-06,0,0,0,0,0,0,0,1e-06,0,0,0,0,0,0,0,0,0,0,1e-06,0,1e-06,0,0,1e-06,0,0,0,0,0,0,0,0,5e-06,0,2e-06,9e-06,1e-06,0,0,0,2e-06,0,0,1e-06,0,0,0,0,3e-06,4e-06,0,0,0,0,0,0,0,0,0,0,2e-06,7e-06,1e-06,0,0,0,0,0,1e-06,0,0,0,0,0,0,0,0,0,4e-06,1e-06,4e-06,5e-06,0,0,0,1e-06,0,0,9e-06,0,0,0,0,0,0,0,0,1e-06,0,1e-06,0,0,2e-06,0,0,0,0,0,0,0,0,0,0,0,0,0,0,0,0,0,0,0,0,0,2e-06,0,0,0,0,0,0,0,0,0,2e-06,0,0,0,0,0,0,0,1e-06,0,0,0,1e-06,0,1e-06,1e-06,0,0,0,0,0,0,1e-06,1e-06,0,0,0,0,0,1e-06,0,0,0,0,0,0
2000-01-01,0,0,0,2e-06,0,0,0,0,0,0,0,1e-06,0,0,0,0,0,0,0,1e-06,0,0,1e-06,0,0,0,0,0,0,0,0,0,6e-06,0,0,0,0,0,0,0,0,1e-06,5e-06,1e-06,1e-06,1.5e-05,0,0,2e-06,0,5e-06,0,0,0,0,0,0,0,0,0,0,0,0,0,0,0,0,0,0,0,5e-06,0,0,2e-06,0,0,0,0,0,0,0,0,0,0,0,1e-06,1e-06,5e-06,1e-06,1e-06,0,0,0,1e-06,1e-06,0,0,0,0,1e-06,0,0,1e-06,0,2e-06,1.2e-05,8.7e-05,1e-06,1.3e-05,1e-06,0,0,0,0,1e-06,1e-06,9e-06,0,0,0,0,3.5e-05,1.2e-05,0.000622,0.000431,0,0,0,0,0,0,0,0,0,0,0,0,0,0,0,0,0,0,0,0,0,0,0,0,0,9e-06,1e-06,1e-06,0,0,1e-06,0,0,0,0,1e-06,0,0,0,0,0,0,0,0,0,0,1e-06,3e-06,0,0,0,0,0,0,0,1e-06,0,0,0,0,0,0,0,0,0,0,1e-06,0,1e-06,0,0,0,0,0,0,0,0,0,0,0,5e-06,0,3e-06,8e-06,1e-06,0,0,0,2e-06,0,0,1e-06,0,0,0,0,3e-06,5e-06,0,0,0,0,0,0,0,0,0,0,2e-06,6e-06,1e-06,0,0,0,0,0,1e-06,0,0,0,0,0,0,0,0,0,4e-06,1e-06,5e-06,5e-06,0,0,0,1e-06,0,0,7e-06,0,0,0,0,0,0,0,0,1e-06,0,1e-06,0,0,2e-06,0,0,0,0,0,0,0,0,0,0,0,0,0,0,0,0,0,0,0,0,0,2e-06,0,0,0,0,0,0,0,0,0,2e-06,0,0,0,0,0,0,0,1e-06,0,0,0,1e-06,0,1e-06,1e-06,0,0,0,0,0,0,1e-06,2e-06,0,0,0,0,0,1e-06,0,0,0,0,0,0
2001-01-01,0,0,0,3e-06,0,0,0,0,0,0,0,1e-06,0,0,0,0,0,0,0,1e-06,0,0,1e-06,0,0,0,0,0,0,0,0,0,6e-06,0,0,0,0,0,0,0,0,1e-06,6e-06,1e-06,1e-06,1.4e-05,0,0,3e-06,0,4e-06,0,0,0,0,0,0,0,0,0,0,0,0,0,0,0,0,0,0,0,5e-06,0,0,1e-06,0,0,0,0,0,0,0,0,0,0,0,1e-06,0,4e-06,1e-06,1e-06,0,0,0,1e-06,1e-06,0,0,0,0,1e-06,0,0,1e-06,0,2e-06,1.2e-05,8.8e-05,1e-06,1.3e-05,1e-06,0,1e-06,0,0,1e-06,1e-06,9e-06,1e-06,0,0,0,3.1e-05,1.2e-05,0.000557,0.000438,0,0,0,0,0,0,0,0,0,0,0,0,0,0,0,0,0,0,0,0,0,0,0,0,0,9e-06,1e-06,1e-06,0,0,1e-06,0,0,0,0,1e-06,0,0,0,0,0,0,0,0,0,0,1e-06,3e-06,0,0,0,0,0,0,0,1e-06,0,0,0,0,0,0,0,0,0,0,1e-06,0,1e-06,0,0,0,0,0,0,0,0,0,0,0,4e-06,0,4e-06,7e-06,1e-06,1e-06,0,0,2e-06,0,0,1e-06,0,0,0,0,3e-06,6e-06,0,0,0,0,0,0,0,0,0,0,3e-06,6e-06,1e-06,0,0,0,1e-06,0,2e-06,0,0,0,0,0,0,0,0,1e-06,4e-06,0,6e-06,5e-06,0,1e-06,0,1e-06,0,0,6e-06,0,0,0,0,0,0,0,0,1e-06,0,1e-06,0,0,2e-06,0,0,0,0,0,0,0,0,0,0,0,0,0,0,0,0,0,0,0,0,0,1e-06,0,0,0,0,0,0,0,0,0,2e-06,0,0,0,0,0,0,0,1e-06,0,0,0,1e-06,0,1e-06,1e-06,0,0,0,0,0,0,1e-06,2e-06,0,0,0,0,0,1e-06,0,0,0,0,0,0
2002-01-01,0,0,0,4e-06,0,0,0,0,0,0,1e-06,1e-06,0,0,0,0,0,0,0,2e-06,0,0,2e-06,0,0,0,0,0,0,0,0,0,5e-06,0,0,0,0,0,0,0,0,1e-06,6e-06,2e-06,1e-06,1.3e-05,0,0,3e-06,0,4e-06,0,0,0,0,0,0,0,0,0,0,0,0,0,0,0,0,0,0,0,5e-06,0,0,1e-06,0,0,0,0,0,0,0,0,0,0,0,1e-06,0,4e-06,1e-06,1e-06,0,0,0,1e-06,1e-06,0,0,0,0,1e-06,0,0,0,0,2e-06,1.2e-05,8.8e-05,1e-06,1.3e-05,2e-06,0,1e-06,0,0,1e-06,1e-06,9e-06,1e-06,0,0,0,2.6e-05,1.2e-05,0.000491,0.000446,0,0,0,0,0,0,0,0,0,0,0,0,0,0,0,0,0,0,0,0,0,0,0,0,0,9e-06,1e-06,1e-06,0,0,0,0,0,0,0,1e-06,0,0,0,0,0,0,0,0,0,0,1e-06,3e-06,0,0,0,0,0,0,0,1e-06,0,0,0,0,0,0,0,0,0,0,1e-06,0,1e-06,1e-06,0,0,0,0,0,0,0,0,0,0,4e-06,0,5e-06,6e-06,1e-06,1e-06,0,0,2e-06,0,0,1e-06,0,0,0,0,2e-06,7e-06,0,0,0,0,0,0,0,0,0,0,4e-06,5e-06,1e-06,0,0,0,1e-06,0,2e-06,0,0,0,0,1e-06,0,0,0,1e-06,4e-06,0,7e-06,5e-06,0,1e-06,0,1e-06,0,0,5e-06,0,0,0,0,0,0,0,0,1e-06,0,1e-06,0,0,2e-06,0,0,0,0,0,0,0,0,0,0,0,0,0,0,0,0,0,0,0,0,0,1e-06,0,0,0,0,0,0,0,0,0,2e-06,0,0,0,0,1e-06,0,0,1e-06,0,0,0,1e-06,0,1e-06,1e-06,0,0,0,0,0,0,1e-06,2e-06,0,0,0,0,0,1e-06,0,0,0,0,0,0
2003-01-01,0,0,0,5e-06,0,0,0,0,0,0,1e-06,2e-06,0,0,0,0,0,0,0,2e-06,1e-06,0,2e-06,0,0,0,0,0,0,0,0,0,5e-06,0,0,0,0,0,0,0,0,1e-06,7e-06,2e-06,1e-06,1.2e-05,0,0,4e-06,0,4e-06,0,0,0,0,0,0,0,0,0,0,0,0,0,0,0,0,0,0,0,6e-06,0,0,1e-06,0,0,0,0,0,0,0,0,0,0,0,0,0,3e-06,1e-06,1e-06,0,0,0,1e-06,1e-06,0,0,0,0,1e-06,0,0,0,0,2e-06,1.2e-05,8.9e-05,1e-06,1.4e-05,2e-06,0,1e-06,0,0,1e-06,1e-06,1e-05,1e-06,0,0,0,2.2e-05,1.3e-05,0.000425,0.000454,0,0,0,0,0,0,0,0,0,0,0,0,0,0,0,0,0,0,0,0,0,0,0,0,0,8e-06,1e-06,1e-06,0,0,0,0,0,0,0,1e-06,0,0,0,0,0,0,0,0,0,0,1e-06,3e-06,0,0,0,0,0,0,0,1e-06,0,0,0,0,0,0,0,0,0,1e-06,1e-06,0,1e-06,1e-06,0,0,0,0,0,0,0,0,0,0,3e-06,0,6e-06,5e-06,1e-06,1e-06,0,0,2e-06,0,0,1e-06,0,0,1e-06,0,2e-06,7e-06,0,0,0,0,0,0,0,0,0,0,4e-06,5e-06,1e-06,0,0,0,1e-06,0,2e-06,0,0,0,0,1e-06,0,0,0,1e-06,5e-06,0,8e-06,5e-06,0,1e-06,0,1e-06,0,0,4e-06,0,0,0,0,0,0,0,0,1e-06,0,1e-06,0,0,3e-06,0,0,0,0,0,0,0,0,0,0,0,0,0,0,0,0,0,0,0,0,0,1e-06,0,0,0,0,0,0,0,0,0,2e-06,0,0,0,0,1e-06,0,0,1e-06,0,0,0,2e-06,0,1e-06,2e-06,0,0,0,0,0,0,1e-06,3e-06,0,0,0,1e-06,0,1e-06,0,0,0,0,0,0
2004-01-01,1e-06,0,0,5e-06,0,0,0,0,0,0,1e-06,2e-06,0,0,0,0,0,0,0,2e-06,1e-06,0,2e-06,0,0,0,0,0,0,0,0,0,5e-06,0,0,0,0,0,0,0,0,2e-06,7e-06,2e-06,1e-06,1.1e-05,0,0,5e-06,0,4e-06,0,0,0,0,0,0,0,0,0,0,0,0,0,0,0,0,0,0,0,6e-06,0,0,1e-06,0,0,0,0,0,0,0,0,0,0,0,0,0,2e-06,1e-06,1e-06,0,0,0,1e-06,1e-06,0,0,0,0,1e-06,0,0,0,0,2e-06,1.2e-05,9e-05,1e-06,1.4e-05,2e-06,0,1e-06,1e-06,0,1e-06,1e-06,1e-05,1e-06,0,0,0,1.7e-05,1.3e-05,0.000359,0.000461,0,0,0,0,0,0,0,0,0,0,0,0,0,0,0,0,0,0,0,0,0,0,0,0,0,8e-06,0,1e-06,0,0,0,0,0,0,0,1e-06,0,0,0,0,0,0,0,0,0,0,1e-06,3e-06,0,0,0,0,0,0,0,1e-06,0,0,0,0,0,0,0,0,0,1e-06,0,0,1e-06,1e-06,0,0,0,0,0,0,0,0,0,0,3e-06,0,7e-06,4e-06,1e-06,1e-06,0,0,3e-06,0,0,1e-06,0,0,1e-06,0,2e-06,8e-06,0,0,0,0,0,0,0,0,0,0,5e-06,5e-06,1e-06,0,0,0,1e-06,0,2e-06,0,0,0,0,1e-06,0,0,0,1e-06,5e-06,0,9e-06,5e-06,1e-06,1e-06,0,1e-06,0,0,3e-06,0,0,0,0,0,0,0,0,1e-06,0,0,1e-06,0,3e-06,0,0,0,0,0,0,0,0,0,0,0,0,0,0,0,0,0,0,0,0,0,1e-06,0,0,0,0,0,0,0,0,0,1e-06,0,0,0,0,1e-06,0,0,1e-06,0,0,0,2e-06,0,1e-06,2e-06,0,0,1e-06,0,0,0,1e-06,3e-06,0,0,0,1e-06,0,2e-06,0,0,0,0,0,0
2005-01-01,1e-06,1e-06,0,6e-06,0,0,0,0,0,0,1e-06,2e-06,0,0,0,0,0,0,0,2e-06,1e-06,0,2e-06,1e-06,0,0,0,0,0,0,0,0,5e-06,0,0,0,0,0,0,0,0,2e-06,8e-06,3e-06,1e-06,1e-05,0,0,5e-06,0,4e-06,0,0,0,0,0,0,0,0,0,0,0,0,0,0,0,0,0,0,0,6e-06,0,0,1e-06,0,0,0,0,0,0,0,0,0,0,0,0,0,2e-06,0,0,0,0,0,1e-06,0,0,0,0,0,1e-06,0,0,0,0,2e-06,1.2e-05,9.1e-05,1e-06,1.4e-05,2e-06,0,1e-06,1e-06,0,2e-06,1e-06,1e-05,1e-06,0,0,0,1.3e-05,1.3e-05,0.000293,0.000469,0,0,0,0,0,0,0,0,0,0,0,0,0,0,0,0,0,0,0,0,0,0,0,0,0,7e-06,0,1e-06,0,0,0,0,0,0,0,1e-06,0,0,0,0,0,0,0,0,0,0,1e-06,3e-06,0,0,0,0,0,0,0,1e-06,0,0,0,0,0,0,0,0,0,1e-06,0,0,1e-06,1e-06,0,0,0,0,0,0,1e-06,0,0,0,2e-06,0,8e-06,2e-06,1e-06,1e-06,0,0,3e-06,0,0,0,0,0,1e-06,0,2e-06,9e-06,0,0,0,0,0,0,0,0,0,0,6e-06,4e-06,1e-06,0,0,0,1e-06,0,2e-06,0,0,0,0,1e-06,0,0,0,1e-06,5e-06,0,1e-05,5e-06,1e-06,1e-06,0,1e-06,0,0,2e-06,0,0,0,0,0,0,0,0,0,0,0,1e-06,0,3e-06,0,0,0,0,0,0,0,0,0,0,0,0,0,0,0,0,1e-06,0,0,0,0,1e-06,0,0,0,0,0,0,0,0,0,1e-06,0,0,0,0,1e-06,0,0,1e-06,0,0,0,2e-06,0,1e-06,2e-06,0,0,1e-06,0,0,0,1e-06,4e-06,0,0,0,1e-06,0,2e-06,0,0,0,0,0,0
2006-01-01,1e-06,1e-06,0,7e-06,0,0,0,0,1e-06,0,1e-06,2e-06,0,0,0,0,0,0,0,3e-06,1e-06,0,2e-06,1e-06,0,0,0,0,0,0,0,0,4e-06,0,0,0,0,0,0,0,0,2e-06,8e-06,3e-06,1e-06,9e-06,0,1e-06,6e-06,0,4e-06,0,0,0,0,0,0,0,0,0,0,0,0,0,0,0,0,0,0,0,7e-06,0,0,1e-06,0,0,0,0,0,0,0,0,0,0,0,0,0,1e-06,0,0,0,0,0,1e-06,0,0,0,0,0,1e-06,0,0,0,0,2e-06,1.2e-05,9.2e-05,0,1.5e-05,2e-06,0,1e-06,1e-06,0,2e-06,1e-06,1e-05,1e-06,0,0,0,8e-06,1.3e-05,0.000227,0.000476,0,0,0,0,0,0,0,0,0,0,0,0,0,0,0,0,0,0,0,0,0,0,0,0,0,7e-06,0,1e-06,0,0,0,0,0,0,0,1e-06,0,0,0,0,0,0,0,0,0,0,1e-06,4e-06,0,0,0,0,0,0,0,1e-06,0,0,0,0,0,0,0,0,0,1e-06,0,0,1e-06,1e-06,0,0,0,0,0,0,1e-06,0,0,0,2e-06,0,9e-06,1e-06,0,1e-06,0,0,3e-06,0,0,0,0,0,1e-06,0,1e-06,1e-05,0,0,0,0,0,0,0,0,0,0,7e-06,4e-06,1e-06,0,0,0,1e-06,0,2e-06,0,0,0,0,1e-06,0,0,0,1e-06,5e-06,0,1.1e-05,5e-06,1e-06,1e-06,0,1e-06,0,0,1e-06,0,0,0,0,0,0,0,0,0,0,0,1e-06,0,3e-06,0,0,0,0,0,0,0,0,0,0,0,0,0,0,0,0,1e-06,0,0,0,0,1e-06,0,0,0,0,0,0,0,0,0,1e-06,0,0,0,0,1e-06,0,0,1e-06,0,0,0,2e-06,0,1e-06,3e-06,0,0,1e-06,0,0,0,1e-06,4e-06,0,0,0,1e-06,0,2e-06,0,0,0,0,0,0
2007-01-01,1e-06,1e-06,0,8e-06,0,0,1e-06,0,1e-06,0,1e-06,3e-06,0,0,0,0,0,0,0,3e-06,1e-06,0,2e-06,1e-06,0,0,0,0,0,0,0,0,4e-06,0,0,0,0,0,0,0,0,2e-06,9e-06,3e-06,0,8e-06,0,1e-06,6e-06,0,4e-06,0,0,0,0,0,0,0,0,0,0,0,0,0,0,0,0,0,0,0,7e-06,0,0,1e-06,0,0,0,0,0,0,0,0,0,0,0,0,0,0,0,0,0,0,0,1e-06,0,0,0,0,0,1e-06,0,0,0,0,2e-06,1.2e-05,9.3e-05,0,1.5e-05,2e-06,0,1e-06,1e-06,0,2e-06,1e-06,1e-05,1e-06,0,0,0,4e-06,1.4e-05,0.000161,0.000484,0,0,0,0,0,0,0,0,0,0,0,0,0,0,0,0,0,0,0,0,0,0,0,0,0,7e-06,0,2e-06,0,0,0,0,0,0,0,1e-06,0,0,0,0,0,0,0,0,0,0,1e-06,4e-06,0,0,0,0,0,0,0,1e-06,0,0,0,0,0,0,0,0,0,1e-06,0,0,1e-06,1e-06,0,0,0,0,0,0,1e-06,0,0,0,1e-06,0,1e-05,0,0,1e-06,0,0,3e-06,0,0,0,0,0,1e-06,0,1e-06,1.1e-05,0,0,0,0,0,0,0,0,0,1e-06,7e-06,3e-06,1e-06,0,0,0,1e-06,0,2e-06,0,0,0,0,1e-06,0,1e-06,0,2e-06,5e-06,0,1.2e-05,5e-06,1e-06,1e-06,0,1e-06,0,0,0,0,0,0,0,0,0,0,0,0,0,0,1e-06,0,3e-06,0,0,0,0,0,0,0,0,0,0,0,0,0,0,0,0,1e-06,0,0,0,0,1e-06,0,0,0,0,0,0,0,0,0,1e-06,0,0,0,0,1e-06,0,0,1e-06,0,0,0,3e-06,0,1e-06,3e-06,0,0,1e-06,0,0,0,1e-06,5e-06,0,0,0,1e-06,0,2e-06,0,0,0,0,0,0
2008-01-01,1e-06,1e-06,0,8e-06,0,0,1e-06,0,1e-06,0,1e-06,3e-06,0,0,0,0,0,0,0,3e-06,1e-06,0,3e-06,1e-06,1e-06,0,0,0,0,0,0,0,4e-06,0,0,0,0,0,0,0,0,3e-06,9e-06,4e-06,0,7e-06,0,1e-06,7e-06,0,4e-06,0,0,0,0,0,0,0,0,0,0,0,0,0,0,0,0,0,0,0,7e-06,0,0,1e-06,0,0,0,0,0,0,0,0,0,0,0,0,0,0,0,0,0,0,0,1e-06,0,0,0,0,0,0,0,0,0,0,2e-06,1.2e-05,9.4e-05,0,1.5e-05,3e-06,0,1e-06,1e-06,0,2e-06,1e-06,1.1e-05,1e-06,0,0,0,0,1.4e-05,9.5e-05,0.000491,0,0,0,0,0,0,0,0,0,0,0,0,0,0,0,0,0,0,0,0,0,0,0,0,0,6e-06,0,2e-06,0,0,0,0,0,0,0,1e-06,0,0,0,0,0,0,0,0,0,0,1e-06,4e-06,0,0,0,0,0,0,0,1e-06,0,0,0,0,0,0,0,0,0,1e-06,0,0,0,1e-06,0,0,0,0,0,0,1e-06,0,0,0,1e-06,0,1.1e-05,0,0,2e-06,0,0,3e-06,0,0,0,0,0,1e-06,0,1e-06,1.1e-05,0,1e-06,0,0,0,0,0,0,0,1e-06,8e-06,3e-06,1e-06,0,0,0,1e-06,0,2e-06,0,0,0,0,1e-06,0,1e-06,0,2e-06,5e-06,0,1.3e-05,5e-06,1e-06,1e-06,0,1e-06,0,0,0,0,0,0,0,0,0,0,0,0,0,0,1e-06,0,3e-06,0,0,0,0,0,0,0,0,0,0,0,0,0,0,0,0,1e-06,0,0,0,0,1e-06,0,0,0,0,0,0,0,0,0,1e-06,0,0,0,0,1e-06,0,0,2e-06,0,0,0,3e-06,0,1e-06,3e-06,0,0,1e-06,0,0,0,1e-06,5e-06,0,0,0,1e-06,0,2e-06,0,0,0,0,0,0
2009-01-01,1e-06,1e-06,0,9e-06,0,0,1e-06,0,1e-06,0,1e-06,3e-06,0,0,0,0,0,0,0,3e-06,1e-06,0,3e-06,1e-06,1e-06,0,0,0,0,0,0,0,4e-06,0,0,0,0,0,0,0,0,3e-06,1e-05,4e-06,0,6e-06,0,1e-06,7e-06,0,3e-06,0,0,0,0,0,0,0,0,0,0,0,0,0,0,0,0,0,0,0,8e-06,0,0,1e-06,0,0,0,0,0,0,0,0,0,0,0,0,0,0,0,0,0,0,0,0,0,0,0,0,0,0,0,0,0,0,2e-06,1.2e-05,9.4e-05,0,1.6e-05,3e-06,0,1e-06,1e-06,0,2e-06,1e-06,1.1e-05,1e-06,0,0,0,0,1.4e-05,2.9e-05,0.000499,0,0,0,0,0,0,0,0,0,0,0,0,0,0,0,0,0,0,0,0,0,0,0,0,0,6e-06,0,2e-06,0,0,0,0,0,0,0,1e-06,0,0,0,0,0,0,0,0,0,0,1e-06,4e-06,0,0,0,0,0,0,0,1e-06,0,0,0,0,0,0,0,0,0,1e-06,0,0,0,1e-06,0,0,0,0,0,0,1e-06,0,0,0,1e-06,0,1.2e-05,0,0,2e-06,0,0,4e-06,0,0,0,0,0,1e-06,0,1e-06,1.2e-05,0,1e-06,0,0,0,0,0,0,0,1e-06,9e-06,2e-06,1e-06,0,0,0,2e-06,0,2e-06,0,0,0,0,1e-06,0,1e-06,0,2e-06,6e-06,0,1.4e-05,5e-06,1e-06,2e-06,0,1e-06,0,0,0,0,0,0,0,0,0,0,0,0,0,0,1e-06,0,3e-06,0,0,0,0,0,0,0,0,0,0,0,0,0,0,0,0,1e-06,0,0,0,0,1e-06,0,0,0,0,0,0,0,0,0,0,0,0,0,0,1e-06,0,0,2e-06,0,0,0,3e-06,0,2e-06,3e-06,0,0,1e-06,0,0,0,0,6e-06,0,0,0,1e-06,0,2e-06,0,0,0,0,0,0
2010-01-01,1e-06,1e-06,0,1e-05,0,0,1e-06,0,1e-06,0,1e-06,3e-06,0,0,0,0,0,0,0,4e-06,1e-06,0,3e-06,1e-06,1e-06,0,0,0,0,0,0,0,4e-06,0,0,0,0,0,0,0,0,3e-06,1e-05,4e-06,0,5e-06,0,1e-06,8e-06,0,3e-06,0,0,0,0,0,0,0,0,0,0,0,0,0,0,0,0,0,0,0,8e-06,0,0,1e-06,0,0,0,0,0,0,0,0,0,0,0,0,0,0,0,0,0,0,0,0,0,0,0,0,0,0,0,0,0,0,2e-06,1.2e-05,9.5e-05,0,1.6e-05,3e-06,0,2e-06,1e-06,0,3e-06,1e-06,1.1e-05,1e-06,0,0,0,0,1.4e-05,0,0.000506,0,0,0,0,0,0,0,0,0,0,0,0,0,0,0,0,0,0,0,0,0,0,0,0,0,5e-06,0,2e-06,0,0,0,0,0,0,0,1e-06,0,0,0,0,0,0,0,0,0,0,1e-06,4e-06,0,0,0,0,0,0,0,1e-06,0,0,0,0,0,0,0,0,0,1e-06,0,0,0,1e-06,0,0,0,0,0,0,1e-06,0,0,0,0,0,1.3e-05,0,0,2e-06,0,0,4e-06,0,0,0,0,0,1e-06,0,1e-06,1.3e-05,0,1e-06,0,0,0,0,0,0,0,1e-06,9e-06,2e-06,1e-06,0,0,0,2e-06,0,2e-06,0,0,0,0,2e-06,0,1e-06,0,2e-06,6e-06,0,1.5e-05,5e-06,1e-06,2e-06,0,1e-06,0,0,0,0,0,0,0,0,0,0,0,0,0,0,1e-06,0,3e-06,0,0,0,0,0,0,0,0,0,0,0,0,0,0,0,0,1e-06,0,0,0,0,1e-06,0,0,0,0,0,0,0,0,0,0,0,0,0,0,1e-06,0,0,2e-06,0,0,0,3e-06,0,2e-06,4e-06,0,0,1e-06,0,0,0,0,6e-06,0,0,0,1e-06,0,2e-06,0,0,0,0,0,0
2011-01-01,1e-06,1e-06,0,1.1e-05,0,0,1e-06,0,1e-06,0,1e-06,4e-06,0,0,0,0,0,0,0,4e-06,1e-06,0,3e-06,1e-06,1e-06,0,0,0,0,0,0,0,3e-06,0,0,0,0,0,0,0,0,3e-06,1e-05,4e-06,0,4e-06,0,1e-06,9e-06,0,3e-06,0,0,0,0,0,0,0,0,0,0,0,0,0,0,0,0,0,0,0,8e-06,0,0,1e-06,0,0,0,0,0,0,0,0,0,0,0,0,0,0,0,0,0,0,0,0,0,0,0,0,0,0,0,0,0,0,1e-06,1.2e-05,9.6e-05,0,1.6e-05,3e-06,0,2e-06,1e-06,0,3e-06,1e-06,1.1e-05,1e-06,0,0,0,0,1.5e-05,0,0.000514,0,0,0,0,0,0,0,0,0,0,0,0,0,0,0,0,0,0,0,0,0,0,0,0,0,5e-06,0,2e-06,0,0,0,0,0,0,0,0,0,0,0,0,0,0,0,0,0,0,1e-06,4e-06,0,0,0,0,0,0,0,1e-06,0,0,0,0,0,0,0,0,0,1e-06,0,0,0,1e-06,0,0,0,0,0,0,1e-06,0,0,1e-06,0,0,1.4e-05,0,0,2e-06,0,0,4e-06,0,0,0,0,0,1e-06,0,0,1.4e-05,0,1e-06,0,0,0,0,0,0,0,1e-06,1e-05,1e-06,1e-06,0,0,0,2e-06,0,2e-06,0,0,0,0,2e-06,0,1e-06,1e-06,2e-06,6e-06,0,1.7e-05,5e-06,1e-06,2e-06,0,1e-06,0,0,0,0,0,0,0,0,0,0,0,0,0,0,1e-06,0,3e-06,0,0,0,0,0,0,0,0,0,0,0,0,0,0,0,0,1e-06,0,0,0,0,0,0,0,0,0,0,0,0,0,0,0,0,0,0,0,1e-06,0,0,2e-06,0,0,0,4e-06,0,2e-06,4e-06,0,0,1e-06,0,0,0,0,7e-06,0,0,0,1e-06,0,3e-06,0,0,0,0,0,0
2012-01-01,1e-06,1e-06,0,1.1e-05,0,0,1e-06,0,1e-06,0,2e-06,4e-06,0,0,0,0,0,0,0,4e-06,1e-06,1e-06,3e-06,1e-06,1e-06,0,0,0,0,0,0,0,3e-06,0,0,0,0,0,0,0,0,4e-06,1.1e-05,5e-06,0,3e-06,0,1e-06,9e-06,0,3e-06,0,0,0,0,0,0,0,0,0,0,0,0,0,0,0,0,0,0,0,9e-06,0,0,1e-06,0,0,0,0,0,0,0,0,0,0,0,0,0,0,0,0,0,0,0,0,0,0,0,1e-06,0,0,0,1e-06,0,0,1e-06,1.2e-05,9.7e-05,0,1.7e-05,3e-06,1e-06,2e-06,1e-06,0,3e-06,2e-06,1.2e-05,1e-06,0,0,0,0,1.5e-05,0,0.000521,0,0,0,0,0,0,0,0,0,0,0,0,1e-06,0,0,0,0,0,0,0,0,0,0,0,0,4e-06,0,2e-06,0,0,0,0,0,0,0,0,0,0,0,0,0,0,0,0,0,1e-06,1e-06,4e-06,0,0,0,0,0,0,0,1e-06,0,0,0,0,0,0,0,0,0,2e-06,0,0,0,2e-06,0,0,0,0,0,0,1e-06,0,0,1e-06,0,0,1.5e-05,0,0,2e-06,0,0,4e-06,0,0,0,0,0,1e-06,0,0,1.5e-05,0,1e-06,0,0,0,0,0,0,0,1e-06,1.1e-05,1e-06,1e-06,1e-06,0,0,2e-06,0,2e-06,0,0,0,0,2e-06,0,1e-06,1e-06,2e-06,6e-06,0,1.8e-05,5e-06,1e-06,2e-06,0,1e-06,0,0,0,0,0,0,0,0,0,0,0,0,0,0,1e-06,0,3e-06,0,0,0,0,0,0,0,0,0,0,0,0,0,0,0,0,1e-06,0,0,0,0,0,0,0,0,0,0,0,0,0,0,0,0,0,0,0,1e-06,0,0,2e-06,0,0,0,4e-06,0,2e-06,4e-06,0,0,1e-06,0,0,0,0,7e-06,0,0,0,1e-06,0,3e-06,0,0,0,0,0,0
2013-01-01,1e-06,1e-06,0,1.2e-05,0,0,1e-06,0,1e-06,0,2e-06,4e-06,0,0,0,0,0,0,0,4e-06,1e-06,1e-06,3e-06,1e-06,1e-06,0,0,0,0,0,0,0,3e-06,0,0,0,0,0,0,0,0,4e-06,1.1e-05,5e-06,0,2e-06,0,1e-06,1e-05,0,3e-06,0,0,0,0,0,0,0,0,0,0,0,0,0,0,0,0,0,0,0,9e-06,0,0,1e-06,0,0,0,0,0,0,0,0,0,0,0,0,0,0,0,0,0,0,0,0,0,0,0,1e-06,0,0,0,1e-06,0,0,1e-06,1.2e-05,9.8e-05,0,1.7e-05,3e-06,1e-06,2e-06,1e-06,0,3e-06,2e-06,1.2e-05,1e-06,0,0,0,0,1.5e-05,0,0.000529,0,0,0,0,0,0,0,0,0,0,0,0,1e-06,0,0,0,0,0,0,0,0,0,0,0,0,4e-06,0,2e-06,0,0,0,0,0,0,0,0,0,0,0,0,0,0,0,0,0,1e-06,1e-06,5e-06,0,0,0,0,0,0,0,1e-06,0,0,0,0,0,0,0,0,0,2e-06,0,0,0,2e-06,0,0,0,0,0,0,1e-06,0,0,1e-06,0,0,1.7e-05,0,0,2e-06,0,0,4e-06,0,0,0,0,0,2e-06,0,0,1.5e-05,0,1e-06,0,0,0,0,0,0,0,1e-06,1.1e-05,0,1e-06,1e-06,0,0,2e-06,0,2e-06,0,0,0,0,2e-06,0,1e-06,1e-06,3e-06,6e-06,0,1.9e-05,5e-06,1e-06,2e-06,0,1e-06,0,0,0,0,0,0,0,0,0,0,0,0,0,0,1e-06,0,3e-06,0,0,0,0,0,0,0,0,0,0,0,0,0,0,0,0,1e-06,0,0,0,0,0,0,0,0,0,0,0,0,0,0,0,0,0,0,0,1e-06,0,0,2e-06,0,0,0,4e-06,0,2e-06,5e-06,0,0,1e-06,0,0,0,0,8e-06,0,0,0,2e-06,0,3e-06,0,0,0,0,0,0
2014-01-01,1e-06,1e-06,0,1.3e-05,0,0,1e-06,0,1e-06,0,2e-06,4e-06,0,0,0,0,0,0,0,5e-06,2e-06,1e-06,4e-06,1e-06,1e-06,0,0,0,0,0,0,0,3e-06,0,1e-06,0,0,0,0,0,0,4e-06,1.2e-05,5e-06,0,1e-06,0,1e-06,1e-05,0,3e-06,0,0,0,0,0,0,0,0,0,0,0,0,0,0,0,0,0,0,0,9e-06,0,0,1e-06,0,0,0,0,0,0,0,0,0,0,0,0,0,0,0,0,0,0,0,0,0,0,0,1e-06,0,0,0,1e-06,0,0,1e-06,1.2e-05,9.9e-05,0,1.7e-05,4e-06,1e-06,2e-06,1e-06,0,3e-06,2e-06,1.2e-05,1e-06,0,0,0,0,1.5e-05,0,0.000536,0,1e-06,0,0,0,0,0,0,0,0,0,0,1e-06,0,0,0,0,0,0,0,0,0,0,0,0,4e-06,0,2e-06,0,0,0,0,0,0,0,0,0,0,0,0,0,0,0,0,0,1e-06,1e-06,5e-06,0,0,0,0,0,0,0,1e-06,0,0,0,0,0,0,0,0,0,2e-06,0,0,0,2e-06,0,0,0,0,0,0,1e-06,0,0,1e-06,0,0,1.8e-05,0,0,2e-06,0,0,5e-06,0,0,0,0,0,2e-06,0,0,1.6e-05,0,1e-06,0,0,0,0,0,0,0,1e-06,1.2e-05,0,1e-06,1e-06,0,0,2e-06,0,2e-06,0,0,0,0,2e-06,0,1e-06,1e-06,3e-06,6e-06,0,2e-05,5e-06,1e-06,2e-06,0,1e-06,0,0,0,0,0,0,0,0,0,0,0,0,0,0,1e-06,0,3e-06,0,0,0,0,0,0,0,0,0,0,0,0,0,0,0,0,1e-06,0,0,0,0,0,0,0,0,0,0,0,0,0,0,0,0,0,0,0,1e-06,0,0,2e-06,0,0,0,4e-06,0,2e-06,5e-06,0,1e-06,1e-06,0,0,0,0,8e-06,0,0,0,2e-06,0,3e-06,0,0,0,0,0,0
2015-01-01,1e-06,1e-06,0,1.4e-05,0,0,1e-06,0,1e-06,0,2e-06,4e-06,0,0,0,0,0,0,0,5e-06,2e-06,1e-06,4e-06,1e-06,1e-06,0,0,0,0,0,0,0,3e-06,0,1e-06,0,0,0,0,0,0,4e-06,1.2e-05,6e-06,0,0,0,1e-06,1.1e-05,0,3e-06,0,0,0,0,0,0,0,0,0,0,0,0,0,0,0,0,0,0,0,1e-05,0,0,0,0,0,0,0,0,0,0,0,0,0,0,0,0,0,0,0,0,0,0,0,0,0,0,1e-06,0,0,0,1e-06,0,0,1e-06,1.2e-05,1e-04,0,1.8e-05,4e-06,1e-06,2e-06,1e-06,0,4e-06,2e-06,1.2e-05,1e-06,0,0,0,0,1.5e-05,0,0.000544,0,1e-06,0,0,0,0,0,0,0,0,0,0,1e-06,0,0,0,0,0,0,0,0,0,0,0,0,3e-06,0,3e-06,0,0,0,0,0,0,0,0,0,0,0,0,0,0,0,0,0,1e-06,0,5e-06,0,0,0,0,0,0,0,1e-06,0,0,0,0,0,0,0,0,0,2e-06,0,0,0,2e-06,0,0,0,0,0,0,1e-06,0,0,1e-06,0,0,1.9e-05,0,0,2e-06,0,0,5e-06,0,0,0,0,0,2e-06,0,0,1.7e-05,0,1e-06,0,0,0,0,0,0,0,1e-06,1.3e-05,0,1e-06,1e-06,0,0,2e-06,0,2e-06,0,0,0,0,2e-06,0,1e-06,1e-06,3e-06,7e-06,0,2.1e-05,5e-06,1e-06,2e-06,0,1e-06,0,0,0,0,0,0,0,0,0,0,0,0,0,0,1e-06,0,3e-06,0,0,0,0,0,0,0,0,0,0,0,0,0,0,0,0,1e-06,0,0,0,0,0,0,0,0,0,0,0,0,0,0,0,0,0,0,0,1e-06,0,0,2e-06,0,0,0,5e-06,0,2e-06,5e-06,0,1e-06,1e-06,0,0,0,0,9e-06,0,0,0,2e-06,0,3e-06,0,0,0,0,0,0
2016-01-01,1e-06,1e-06,0,1.5e-05,0,0,1e-06,0,1e-06,0,2e-06,5e-06,0,1e-06,0,0,0,0,0,5e-06,2e-06,1e-06,4e-06,1e-06,1e-06,0,0,0,0,0,0,0,2e-06,0,1e-06,0,0,0,0,0,1e-06,4e-06,1.3e-05,6e-06,0,0,0,1e-06,1.1e-05,0,2e-06,0,0,0,0,0,0,0,0,0,0,0,0,0,0,0,0,0,0,0,1e-05,0,0,0,0,0,0,0,0,0,0,0,0,0,0,0,0,0,0,0,0,0,0,0,0,0,0,1e-06,0,0,0,1e-06,0,0,1e-06,1.2e-05,0.000101,0,1.8e-05,4e-06,1e-06,2e-06,1e-06,0,4e-06,2e-06,1.2e-05,1e-06,0,0,0,0,1.6e-05,0,0.000552,0,1e-06,0,0,0,0,0,0,0,1e-06,0,0,1e-06,0,0,0,0,0,0,0,0,0,0,0,0,3e-06,0,3e-06,0,0,0,0,0,0,0,0,0,0,0,0,0,0,0,0,0,1e-06,0,5e-06,0,0,0,0,0,0,0,1e-06,0,0,0,0,0,0,0,0,0,2e-06,0,0,0,2e-06,0,0,0,0,0,0,1e-06,0,0,1e-06,0,0,2e-05,0,0,3e-06,0,0,5e-06,0,0,0,0,0,2e-06,0,0,1.8e-05,0,1e-06,0,0,0,0,0,0,0,1e-06,1.4e-05,0,0,1e-06,0,1e-06,3e-06,0,2e-06,0,0,0,0,2e-06,0,1e-06,1e-06,3e-06,7e-06,0,2.2e-05,6e-06,1e-06,3e-06,0,1e-06,0,0,0,0,0,0,0,0,0,0,0,0,0,0,1e-06,0,3e-06,0,0,0,0,0,0,0,0,0,0,0,0,0,0,0,0,1e-06,0,0,0,0,0,0,0,0,0,0,0,0,0,0,0,0,0,0,0,1e-06,0,0,2e-06,0,0,0,5e-06,0,2e-06,5e-06,0,1e-06,1e-06,0,0,0,0,9e-06,0,0,0,2e-06,0,3e-06,0,0,0,0,0,0
2017-01-01,1e-06,1e-06,0,1.5e-05,0,0,1e-06,0,1e-06,0,2e-06,5e-06,0,1e-06,0,0,0,0,0,5e-06,2e-06,1e-06,4e-06,1e-06,1e-06,0,0,0,0,0,0,0,2e-06,0,1e-06,0,0,0,0,0,1e-06,5e-06,1.3e-05,6e-06,0,0,0,1e-06,1.2e-05,0,2e-06,0,0,0,0,0,0,0,0,0,0,0,0,0,0,0,0,0,0,0,1e-05,0,0,0,0,0,0,0,0,0,0,0,0,0,0,0,0,0,0,0,0,0,0,0,0,0,0,1e-06,0,0,0,1e-06,0,0,1e-06,1.2e-05,0.000101,0,1.8e-05,4e-06,1e-06,2e-06,2e-06,0,4e-06,2e-06,1.3e-05,1e-06,0,0,0,0,1.6e-05,0,0.000559,0,1e-06,0,0,0,0,0,0,0,1e-06,0,0,1e-06,0,0,0,0,0,0,0,0,0,0,0,0,2e-06,0,3e-06,0,0,0,0,0,0,0,0,0,0,0,0,0,0,0,0,0,1e-06,0,5e-06,0,0,0,0,0,0,0,1e-06,0,0,0,0,0,0,0,0,0,2e-06,0,0,0,2e-06,0,0,0,0,0,0,1e-06,0,0,1e-06,0,0,2.1e-05,0,0,3e-06,0,0,5e-06,0,0,0,0,0,2e-06,0,0,1.9e-05,0,1e-06,0,0,0,0,0,0,0,1e-06,1.4e-05,0,0,1e-06,0,1e-06,3e-06,0,2e-06,0,0,0,0,2e-06,0,1e-06,1e-06,3e-06,7e-06,0,2.3e-05,6e-06,2e-06,3e-06,0,1e-06,0,0,0,0,0,0,0,0,0,0,0,0,0,0,1e-06,0,3e-06,0,0,0,0,0,0,0,0,0,0,0,0,0,0,0,0,1e-06,0,0,0,0,0,0,0,0,0,0,0,0,0,0,0,0,0,0,0,1e-06,0,0,2e-06,0,0,0,5e-06,0,2e-06,6e-06,0,1e-06,1e-06,0,0,0,0,1e-05,0,0,0,2e-06,0,4e-06,0,0,0,0,0,0
2018-01-01,1e-06,1e-06,0,1.6e-05,0,0,1e-06,0,1e-06,0,2e-06,5e-06,0,1e-06,0,0,0,0,0,6e-06,2e-06,1e-06,4e-06,1e-06,1e-06,0,0,0,0,0,0,0,2e-06,0,1e-06,0,0,0,0,0,1e-06,5e-06,1.4e-05,7e-06,0,0,0,1e-06,1.3e-05,0,2e-06,0,0,0,0,0,0,0,0,0,0,0,0,0,0,0,0,0,0,0,1.1e-05,0,0,0,0,0,0,0,0,0,0,0,0,0,0,0,0,0,0,0,0,0,0,0,0,0,0,1e-06,0,0,0,1e-06,0,0,1e-06,1.2e-05,0.000102,0,1.9e-05,4e-06,1e-06,2e-06,2e-06,0,4e-06,2e-06,1.3e-05,1e-06,0,0,0,0,1.6e-05,0,0.000567,0,1e-06,0,0,0,0,0,0,0,1e-06,0,0,1e-06,0,0,0,0,0,0,0,0,0,0,0,0,2e-06,0,3e-06,0,0,0,0,1e-06,0,0,0,0,0,0,0,0,0,0,0,0,1e-06,0,5e-06,0,0,0,0,0,0,0,1e-06,0,0,0,0,0,0,0,0,0,2e-06,0,0,0,2e-06,0,0,0,0,0,0,1e-06,0,0,1e-06,0,0,2.2e-05,0,0,3e-06,0,0,5e-06,0,0,0,0,0,2e-06,0,0,1.9e-05,0,1e-06,0,0,0,0,0,0,0,1e-06,1.5e-05,0,0,1e-06,0,1e-06,3e-06,0,2e-06,0,0,0,0,3e-06,0,1e-06,1e-06,3e-06,7e-06,0,2.4e-05,6e-06,2e-06,3e-06,0,2e-06,0,0,0,0,0,0,0,0,1e-06,0,0,0,1e-06,0,1e-06,0,3e-06,0,0,0,0,0,0,0,0,0,0,0,0,0,0,0,0,1e-06,0,0,0,0,0,0,0,0,0,0,0,0,0,0,0,0,0,0,1e-06,1e-06,0,0,2e-06,0,0,0,5e-06,0,2e-06,6e-06,0,1e-06,1e-06,0,0,0,0,1e-05,0,0,0,2e-06,0,4e-06,0,0,0,0,0,0
2019-01-01,1e-06,1e-06,0,1.7e-05,0,0,1e-06,0,1e-06,0,2e-06,5e-06,0,1e-06,0,0,0,0,0,6e-06,2e-06,1e-06,5e-06,1e-06,1e-06,0,0,0,0,0,0,0,2e-06,0,1e-06,0,0,0,0,0,1e-06,5e-06,1.4e-05,7e-06,0,0,0,1e-06,1.3e-05,0,2e-06,0,0,0,0,0,0,0,0,0,0,0,0,0,0,0,0,0,0,0,1.1e-05,0,0,0,0,0,0,0,0,0,0,0,0,0,0,0,0,0,0,0,0,0,0,0,0,0,0,1e-06,0,0,0,1e-06,0,0,1e-06,1.2e-05,0.000103,0,1.9e-05,5e-06,1e-06,3e-06,2e-06,0,4e-06,2e-06,1.3e-05,1e-06,0,0,0,0,1.6e-05,0,0.000574,0,1e-06,0,0,0,0,0,0,0,1e-06,0,0,1e-06,0,0,0,0,0,0,0,0,0,0,0,0,2e-06,0,3e-06,0,0,0,0,1e-06,0,0,0,0,0,0,0,0,0,0,0,0,1e-06,0,5e-06,0,0,0,0,0,0,0,1e-06,0,0,0,0,0,0,0,0,0,2e-06,0,0,0,2e-06,0,0,0,0,0,0,2e-06,0,0,1e-06,0,0,2.3e-05,0,0,3e-06,0,0,6e-06,0,0,0,0,0,2e-06,0,0,2e-05,0,1e-06,0,0,0,0,0,0,0,1e-06,1.6e-05,0,0,1e-06,0,1e-06,3e-06,0,2e-06,0,0,0,0,3e-06,0,1e-06,1e-06,4e-06,7e-06,0,2.5e-05,6e-06,2e-06,3e-06,0,2e-06,0,0,0,0,0,0,0,0,1e-06,0,0,0,1e-06,0,1e-06,0,3e-06,0,0,0,0,0,0,0,0,0,0,0,0,0,0,0,0,2e-06,0,0,0,0,0,0,0,0,0,0,0,0,0,0,0,0,0,0,1e-06,1e-06,0,0,2e-06,0,0,0,6e-06,0,2e-06,6e-06,0,1e-06,1e-06,0,0,0,0,1.1e-05,0,0,0,2e-06,0,4e-06,0,0,0,0,0,0
2020-01-01,1e-06,1e-06,0,1.8e-05,0,0,1e-06,0,1e-06,0,2e-06,6e-06,0,1e-06,0,0,0,0,0,6e-06,2e-06,1e-06,5e-06,1e-06,1e-06,0,0,0,0,0,0,0,1e-06,0,1e-06,0,0,0,0,0,1e-06,5e-06,1.5e-05,7e-06,0,0,0,1e-06,1.4e-05,0,2e-06,0,0,0,0,0,0,0,0,0,0,0,0,0,0,0,0,0,0,0,1.1e-05,0,0,0,0,0,0,0,0,0,0,0,0,0,0,0,0,0,0,0,0,0,0,0,0,0,0,1e-06,0,0,0,1e-06,0,0,1e-06,1.2e-05,0.000104,0,1.9e-05,5e-06,1e-06,3e-06,2e-06,0,5e-06,2e-06,1.3e-05,1e-06,0,0,0,0,1.7e-05,0,0.000582,0,1e-06,0,1e-06,0,0,0,0,0,1e-06,0,0,1e-06,0,0,0,0,0,0,0,0,0,0,0,0,1e-06,0,3e-06,0,0,0,0,1e-06,0,0,0,0,0,0,0,0,0,0,0,0,1e-06,0,6e-06,0,0,0,0,0,0,0,1e-06,0,0,0,0,0,0,0,0,0,2e-06,0,0,0,2e-06,0,0,0,0,0,0,2e-06,0,0,1e-06,0,0,2.4e-05,0,0,3e-06,0,0,6e-06,0,0,0,0,0,2e-06,0,0,2.1e-05,0,1e-06,0,0,0,0,0,0,0,1e-06,1.6e-05,0,0,1e-06,0,1e-06,3e-06,0,2e-06,0,0,0,0,3e-06,0,1e-06,1e-06,4e-06,7e-06,0,2.6e-05,6e-06,2e-06,3e-06,0,2e-06,0,0,0,0,0,0,0,0,1e-06,0,0,0,1e-06,0,1e-06,0,3e-06,0,0,0,0,0,0,0,0,0,0,0,0,0,0,0,0,2e-06,0,0,0,0,0,0,0,0,0,0,0,0,0,0,0,0,0,0,1e-06,2e-06,0,0,2e-06,0,0,0,6e-06,0,2e-06,7e-06,0,1e-06,1e-06,0,0,0,0,1.1e-05,0,0,0,2e-06,0,4e-06,0,0,0,0,0,0
