Date,11,14,21,22,23,31,32,33,41,42,43,51,53,54,55,56,57,58,61,62,63,71,72,73,74,81,82,83,91,92,101,102,103,104,111,112,113,114,121,122,123,124,131,132,133,134,135,136,141,142,151,152,161,162,163
1950-01-01,0.1170436,0.0578157,0.24772261,0.31014339,0.0658797,0.18055856,0.0363588,0.07428129,0.25834714,0.1915652,0.5501544,1.2400509,28.894948,0.17343758,0.1854731,0.1750007,0.1553429,0.1885831,66.9687966,0.170327,0.271773,1.5983249,0.157193,0.3184548,0.374105,0.7909147,0.168217,36.887787,0.9971596,0.4453937,0.36204,0.226824,0.339412,0.026121,0.0529723,0.0373269,0.0138743,0.0195003,0.1498255,0.001532,0.0579072,0.0406469,21.7733444,70.8738483,0.10028538,0.230172,2.684598,0.1451323,0.3881831,131.3407664,0.1446172,0.010775,0.3254419,0.109797,0.277419
1951-01-01,0.1160897,0.05660642,0.25619323,0.32382359,0.0669929,0.18274452,0.0360612,0.0743638,0.26276955,0.1919849,0.5505823,1.2482074,28.8961636,0.17503688,0.188496,0.1775929,0.1569986,0.1931332,66.98563299,0.170801,0.273767,1.6009771,0.157998,0.3210898,0.377366,0.8108146,0.170826,36.89222,0.9971353,0.4487092,0.366746,0.227898,0.344611,0.026888,0.054693,0.0378833,0.0140158,0.0201963,0.1516456,0.001525,0.0584357,0.0410579,21.8799303,70.8776724,0.10258018,0.2355,2.6874311,0.1486504,0.3941127,131.3440655,0.1469731,0.010754,0.3278161,0.110191,0.277913
1952-01-01,0.1154338,0.05550846,0.26491227,0.344515,0.067906,0.18626458,0.0358636,0.07477061,0.26737526,0.1925058,0.5512175,1.2569658,28.8970781,0.1768239,0.19164685,0.1798845,0.1587486,0.1977852,67.00723366,0.171661,0.286757,1.6037883,0.159107,0.3247358,0.381276,0.8305013,0.173326,36.896883,0.9971061,0.4512146,0.371546,0.228506,0.350337,0.02766,0.0564109,0.0382405,0.0142605,0.0202954,0.1533588,0.001516,0.0588661,0.0414719,21.9860284,70.8820964,0.10523245,0.2411292,2.6906725,0.1523637,0.4001623,131.3475635,0.1496299,0.010637,0.3298203,0.110494,0.278558
1953-01-01,0.1220356,0.05278332,0.26845036,0.31861567,0.0687197,0.18685516,0.0384958,0.07778204,0.27444201,0.1938667,1.1634139,1.2813987,28.8995055,0.17750881,0.19650556,0.1846429,0.161305,0.2059772,66.99768414,0.173446,0.293074,1.6125042,0.16132,0.3318801,0.38929,0.8670078,0.17894,36.90829,1.0068884,0.4577232,0.37994,0.229213,0.358278,0.028135,0.058937,0.0390961,0.0144092,0.0207914,0.1584012,0.001609,0.0597962,0.0424869,22.2172808,70.8902156,0.10787854,0.2502069,2.6952351,0.1590775,0.4070113,131.3504706,0.1564817,0.010417,0.3363358,0.111591,0.280714
1954-01-01,0.1289368,0.04990873,0.27292097,0.3257548,0.0698353,0.19339196,0.0408272,0.08174557,0.28578662,0.1954333,1.1659265,1.3059094,28.901834,0.1793913,0.20204344,0.1900143,0.164273,0.2142393,67.01425097,0.17516,0.299092,1.6213802,0.163258,0.3385653,0.446905,0.9037814,0.184771,36.919701,1.016788,0.4637184,0.388336,0.229711,0.366206,0.028904,0.0612651,0.0400515,0.0146569,0.0211954,0.1637536,0.001601,0.0604332,0.0439129,22.4470334,70.8980322,0.1117869,0.2597917,2.6997205,0.1652893,0.4144723,131.3533858,0.1635296,0.010096,0.3434543,0.1124,0.282964
1955-01-01,0.1356374,0.04770099,0.27823782,0.37599863,0.0707519,0.20780331,0.0433586,0.08602379,0.30257406,0.1971971,1.168243,1.3305163,28.9044631,0.18364994,0.20746116,0.1944986,0.1665403,0.2228954,67.06611037,0.176678,0.304608,1.629982,0.165491,0.3457766,0.455517,0.9401479,0.190198,36.931117,1.0263908,0.4698228,0.396838,0.230116,0.374438,0.029979,0.063893,0.0410068,0.0151086,0.0216955,0.168599,0.001693,0.0613692,0.0449279,22.677392,70.9062474,0.11631504,0.2691762,2.704206,0.1719102,0.4214464,131.356394,0.1704974,0.009575,0.3505659,0.113403,0.285113
1956-01-01,0.1422404,0.04488031,0.28335274,0.41721053,0.0716655,0.22058703,0.0458909,0.09045909,0.31837933,0.1986638,1.1705523,1.354731,28.9066945,0.18710819,0.21304394,0.1998757,0.1694029,0.2311583,67.11024103,0.178685,0.311535,12.509047,0.167622,0.3524889,0.463538,0.9769164,0.196222,36.942424,1.036364,0.4758223,0.405132,0.231123,0.38268,0.03075,0.0663171,0.0418633,0.0153583,0.0220925,0.1738523,0.001884,0.0623053,0.0459519,22.9073619,70.9142645,0.12062535,0.2782659,2.7086995,0.1783187,0.4284965,131.359498,0.1772763,0.009458,0.3578825,0.114509,0.28736
1957-01-01,0.1489414,0.04239791,0.28765133,0.41636932,0.0726821,0.22567215,0.0482232,0.09377878,0.32870404,0.2001295,1.1728706,1.3794387,28.9094218,0.1891592,0.21844072,0.2046542,0.172175,0.2397134,67.12026709,0.179699,0.317349,12.5180159,0.169556,0.3600143,0.472047,1.0137839,0.201951,36.954247,1.0461514,0.4821209,0.413241,0.23182,0.390604,0.031325,0.0690462,0.0427149,0.015607,0.0226925,0.1789998,0.001877,0.0633392,0.0470718,23.1379073,70.9221781,0.12415119,0.2877495,2.713289,0.1849382,0.4353675,131.3628102,0.1841551,0.008939,0.364098,0.115511,0.289614
1958-01-01,0.1556443,0.03980618,0.29197806,0.41243727,0.0737948,0.23030946,0.0508546,0.09735658,0.33852347,0.2014932,1.175184,1.4038487,28.911554,0.19077366,0.22363067,0.2097292,0.1748383,0.2481745,67.12818146,0.181618,0.323478,12.5267799,0.171692,0.3665195,0.480362,1.0500574,0.207573,36.965461,1.056036,0.4886213,0.421736,0.232127,0.398733,0.032097,0.0713713,0.0437672,0.0158547,0.0231966,0.1839522,0.001971,0.0639753,0.0482907,23.3679678,70.9302942,0.12760591,0.2971332,2.7177824,0.191351,0.4427275,131.3657154,0.191338,0.00862,0.3714135,0.116315,0.29197
1959-01-01,0.1622463,0.03712426,0.29629624,0.41708732,0.0746105,0.23629264,0.14400528,0.10137058,0.34925251,0.203063,1.1772947,1.4282614,28.9139785,0.19265247,0.22895388,0.2147069,0.1780057,0.2564325,67.14301224,0.183326,0.329202,12.5356528,0.174024,0.3736438,0.488876,1.0870199,0.213402,36.977488,1.0662296,0.4944287,0.430227,0.232636,0.406671,0.032963,0.0738983,0.0446237,0.0161045,0.0236907,0.1891995,0.001964,0.0650074,0.0494118,23.5980119,70.938414,0.13116285,0.306419,2.7218707,0.1978678,0.4493925,131.3688215,0.1982187,0.0084,0.3785231,0.117422,0.29422
1960-01-01,0.1723446,0.0347037,0.4108405,0.41675027,0.0757153,0.24637447,0.14472344,0.10760643,0.36600468,0.2054603,1.1807692,1.4671655,28.917587,0.19506576,0.23605777,0.2222408,0.183011,0.266802,103.67730338,0.1854576,0.3375159,12.5661661,0.1776343,0.3948609,0.5091751,1.3407806,0.2726026,37.0859483,1.086491,0.5251116,0.4488106,0.2492545,0.417667,0.0334833,0.0767226,0.047547,0.0164691,0.0242422,0.2005661,0.002156,0.0663013,0.0511872,23.9593501,70.9606675,0.1385568,0.329317,2.7278106,0.2131477,0.4910332,131.3723584,0.2075906,0.00798,0.4043099,0.2022016,0.2969514
1961-01-01,0.1760227,0.03497416,0.44225608,0.44731396,0.0765673,0.25136222,0.14088518,0.11068463,0.37384186,0.2062154,1.1820338,1.4869443,28.9202618,0.19774157,0.24149393,0.2270624,0.1858405,0.2762202,103.68276847,0.1871991,0.3430661,12.5450947,0.1779079,0.3998521,0.5171388,1.3955807,0.2840022,37.1092652,1.0985637,0.5307774,0.4574365,0.2543256,0.4241786,0.0348645,0.0793022,0.0481365,0.0166227,0.0246478,0.2055576,0.002247,0.0671973,0.0521944,24.2011143,70.9715026,0.14220716,0.3382391,2.7301728,0.2198249,0.5001955,131.3742241,0.2173222,0.007861,0.4127722,0.2137201,0.2984493
1962-01-01,0.179862,0.03526532,0.48414069,0.48775846,0.0773425,0.25872504,0.15502068,0.11433298,0.38324307,0.2072919,1.1830145,1.5076085,28.9221608,0.20093226,0.24711015,0.2325341,0.1889225,0.2851819,103.69690979,0.1889476,0.3485515,12.657686,0.1784891,0.4068709,0.5273285,1.4809397,0.3020192,37.1471642,1.1111657,0.5394562,0.4677162,0.262278,0.4309422,0.0356429,0.0819903,0.0490377,0.0168719,0.0252564,0.2114289,0.00234,0.067941,0.0531567,24.4495486,70.9839738,0.14797603,0.3482179,2.7326734,0.2278784,0.5144525,131.3760966,0.2272754,0.007843,0.4239029,0.238358,0.3000657
1963-01-01,0.1832337,0.03561413,0.49892682,0.49344276,0.0780762,0.27369808,0.16474305,0.11835147,0.39811589,0.2079239,1.184033,1.5265884,28.924567,0.20586185,0.25279001,0.2378533,0.1913746,0.2943886,103.70766734,0.190473,0.3538516,12.5853278,0.178742,0.4112853,0.5346183,1.5206595,0.3096817,37.1636432,1.1226857,0.5434225,0.4758898,0.26627,0.4377786,0.0367202,0.084653,0.0494544,0.0175177,0.0257591,0.2160202,0.002433,0.0686052,0.0541206,24.7262164,70.9937401,0.15554928,3.6963083,2.7351624,0.2339769,76.0117706,131.3781329,0.2369691,0.007823,0.4312531,0.2445729,0.3013417
1964-01-01,0.1865545,0.03580307,0.5168912,0.51724487,0.0788039,0.27154547,0.15480978,0.1208654,0.40051575,0.2085127,1.1850219,1.544956,28.926811,0.20726961,0.25843443,0.2425522,0.1946757,0.3036694,103.74772293,0.192192,0.3589832,94.453883,0.1793836,0.4163012,0.5426418,1.5695688,0.3192082,37.184611,1.132789,0.5487563,0.4843724,0.2705426,0.4440363,0.0380894,0.0872802,0.050194,0.0178705,0.0262574,0.2206249,0.002427,0.0691761,0.0549738,24.9542119,71.0038796,0.16057999,3.7039763,2.7371607,0.2400887,76.0204811,131.3801464,0.2465696,0.007903,0.4390931,0.2540779,0.302694
1965-01-01,0.1895422,0.03650798,0.51650758,0.47945243,0.0794029,0.29531211,0.15511119,0.12518562,0.42151893,0.2091589,1.1857421,2.1106563,28.6289517,0.21430767,0.26309618,0.246981,0.1969451,0.3124757,102.6553422,0.1938901,0.3642328,92.809454,0.1793929,0.4191144,0.5487757,1.5884776,0.3214975,36.5926471,1.1429189,0.5500171,0.4921678,0.2733722,0.4506725,0.0389614,0.0899756,0.0503155,0.0180158,0.026855,0.2242678,0.002619,0.0699902,0.0557593,24.8805271,70.0220468,0.16249537,3.7103199,2.7393424,0.2454354,74.7744648,129.2119211,0.2558421,0.007882,0.4445497,0.2525749,0.3039169
1966-01-01,0.1935413,0.03666481,0.54750571,0.55169114,0.0800703,0.28047675,0.16131753,0.12664438,0.41514033,0.2094759,1.186423,2.1313967,29.5809512,0.21147669,0.26886938,0.251733,0.1996677,0.3213645,106.17630632,0.1949963,0.3685693,97.7598817,0.178779,0.4245258,0.55583,1.6584521,0.3337215,38.5611267,1.159547,0.554436,0.5026452,0.2789412,0.4576568,0.0395783,0.0927848,0.0517427,0.0183402,0.0275698,0.2302492,0.002764,0.0702427,0.0576335,26.0749945,73.2041186,0.16858429,3.7200808,2.7404769,0.2522197,78.8061578,136.1935823,0.2659565,0.007677,0.4549864,0.2701935,0.3055007
1967-01-01,0.196431,0.03718871,0.55540454,0.52464073,0.080669,0.32385698,0.16587802,0.13299155,0.44965276,0.2097353,1.897925,2.1488435,29.9723387,0.22304194,0.2733267,0.2558488,0.2021312,0.3298998,107.69242524,0.195953,0.372537,99.876007,0.1775837,0.4273534,0.5606798,1.6934422,0.3378847,39.363899,1.1736131,0.5551823,0.5114252,0.2814231,0.4646659,0.0404874,0.0958803,0.0527877,0.0186569,0.0282714,0.2353645,0.002806,0.0704104,0.0595594,26.6839026,74.6396903,0.17022078,3.725937,2.7409158,0.2577543,80.4422269,139.0352358,0.2752673,0.00757,0.4619656,0.274571,0.3070723
1968-01-01,0.1998971,0.03738537,0.58446347,0.53508636,0.0813988,0.32831705,0.17851068,0.13562347,0.45658064,0.2099481,1.8983904,2.1681945,26.9139466,0.22501099,0.27935537,0.2856735,0.2042401,0.3386536,97.65329348,0.6309238,0.3767078,84.0650368,0.1764216,0.4320319,0.7094507,1.7551618,0.3486089,33.1284067,1.1890483,0.5591079,0.5212434,0.2860357,0.4714312,0.0411985,0.0987187,0.0538508,0.0190762,0.0289767,0.2407624,0.002949,0.0707336,0.0613574,23.8675906,64.4100434,0.17802612,3.7344795,2.7416987,0.2637058,67.5020362,116.5369284,0.2849366,0.447459,0.4713533,0.2896722,0.308484
1969-01-01,0.2039819,0.03782942,0.62205064,0.54820816,0.0821776,0.34626777,0.17124547,0.14011392,0.47358372,0.2104741,1.8991895,2.1896019,25.3657686,0.23044511,0.28465031,0.2903547,0.2070825,0.3478656,91.95185076,352.4720409,0.3811597,75.9265959,0.175814,0.4385594,0.7172233,1.8435565,0.3651455,29.9951353,1.2066819,0.565594,0.5326089,0.292968,0.4792434,0.0421199,0.1016289,0.0552411,0.0192997,0.0295937,0.2470854,0.003092,0.071014,0.063466,22.5851431,59.2229398,0.1818543,3.7448725,2.7424463,0.2716311,60.9362779,105.1187085,0.2950112,0.447352,0.4832218,0.3147068,0.3097703
1970-01-01,0.2078051,0.03811749,0.65502256,0.53245372,0.0829378,0.34752357,0.19288626,0.1430272,0.47863704,0.2106527,1.9000201,2.2099679,26.3754615,0.23138133,0.29012083,0.295276,0.2098184,0.3564246,95.68540219,378.5131413,0.3855403,81.1672537,0.1749842,0.4448796,0.7244038,1.9232533,0.379834,32.0781873,1.2227453,0.5714713,0.5433489,0.2988081,0.486754,0.0427343,0.1046092,0.0564922,0.0196219,0.0304034,0.2532686,0.003236,0.0713737,0.0655275,23.8333246,62.5847399,0.18866532,3.7543252,2.7434714,0.2786027,65.1996377,112.4904475,0.3048163,0.447144,0.4944299,0.3364196,0.3114282
1971-01-01,0.219467,0.03770997,0.70096299,0.56692611,0.0832391,0.34368442,0.18475551,0.14446888,0.48508202,0.2128231,1.9036666,2.2376249,28.2225576,0.23341709,0.29517033,0.3009571,0.214107,0.3689136,102.26988393,419.6740639,0.3902351,90.405316,0.1749852,0.4557611,0.7332179,2.6132744,0.4039856,35.7512951,1.2477592,0.5825871,0.5535583,0.3068864,0.4959274,0.0429623,0.108242,0.0581511,0.0198515,0.0307215,0.2642653,0.00348,0.0725172,0.0677677,25.8985105,68.5614582,0.19496138,3.7746983,2.7479878,0.2918896,72.7470011,125.5737625,0.3161924,0.447338,0.5095633,0.3671609,0.3143259
1972-01-01,0.2314481,0.03762261,0.72384126,0.54963191,0.0834236,0.34075747,0.1837478,0.14545398,0.49256707,0.2149212,1.9069441,2.2638668,31.48707379,0.23553746,0.2998047,0.3066372,0.2177229,0.3812977,114.45623074,480.2847989,0.3945466,107.1583849,0.1745906,0.4633104,0.7383773,2.6683429,0.4144738,42.4416802,1.2710482,0.5885189,0.5629563,0.3113974,0.5050157,0.043382,0.1119997,0.059335,0.0204853,0.031344,0.2743846,0.003523,0.0738798,0.0697505,29.4566851,79.485944,0.19989718,3.7943486,2.7520872,0.3035448,86.5665108,149.5767832,0.3275624,0.447431,0.521201,0.3779038,0.3172441
1973-01-01,0.2473521,0.0378949,0.95241642,0.60047095,0.0840935,0.37786768,0.1869953,0.15448875,0.53036039,0.2182724,1.9114297,2.3108047,31.0150303,0.24600235,0.30526634,0.3153827,0.2252393,0.3959368,112.73310139,484.8557618,0.4022975,104.8904267,0.1766139,0.4966306,0.7657247,3.1201818,0.5247552,41.6607919,1.3107354,0.6387814,0.5884783,0.3449794,0.5182809,0.0435579,0.1158555,0.0639504,0.0208331,0.0319172,0.2946963,0.003767,0.0757911,0.072878,29.4364906,77.9230472,0.20226672,3.8316119,2.7581593,0.329504,84.6183367,146.0604887,0.3416026,0.447424,0.5657468,0.5443242,0.3216736
1974-01-01,0.2550549,0.03720946,0.99268815,0.72668799,0.084203,0.38024816,0.18335231,0.15587527,0.53593973,0.2199096,1.9137841,2.3256335,27.74390104,0.24916429,0.3110178,0.318754,0.227708,0.4052846,100.59581921,400.3259573,0.4055062,87.7737112,0.1762367,0.5046287,0.7714482,3.1948783,0.5432337,74.7033459,1.3264025,0.6468035,0.5928627,0.3504567,0.5260955,0.0436073,0.1188623,0.0650074,0.0212414,0.0322547,0.3032033,0.003912,0.0768104,0.0745775,26.3018379,66.9201646,0.21942646,3.8374989,2.7603635,0.3376506,70.6804078,121.8333384,0.3500535,0.447716,0.5765589,0.5686144,0.3239003
1975-01-01,0.2604249,0.03728022,0.61205336,0.6588644,0.08392,0.37345358,0.18561239,0.14817426,0.53821327,0.220108,1.9146208,2.3166606,27.79790975,0.25378756,0.31269061,0.3191878,0.2257849,0.5003467,100.7781003,405.9164573,0.403906,88.0106827,0.1715477,0.462949,0.7350307,2.4612588,0.3563636,74.6463732,1.3198243,0.5637579,0.5715312,0.2974657,0.5275587,0.0439605,0.1216671,0.05907,0.0214448,0.0328038,0.2935992,0.003854,0.0764644,0.074365,26.427794,67.0939106,0.21984611,3.8270041,2.76241,0.3226237,70.8376651,122.2948939,0.3568235,0.447807,0.5219831,0.2681837,0.3244152
1976-01-01,0.2727263,0.03717318,0.72950098,0.8529016,0.0841894,0.39377918,0.18899349,0.15299194,0.56100064,0.2225935,1.9182002,2.3483237,28.34462577,0.26091999,0.31925418,0.3256451,0.2308846,0.5129345,102.89033174,423.6069863,0.409592,90.9806903,0.1721767,0.4818868,0.7498101,2.6927141,0.4121401,77.187865,1.3479543,0.5897511,0.5863293,0.3147548,0.5379648,0.0440864,0.1253969,0.0618869,0.0218814,0.0333201,0.3072828,0.003999,0.0778084,0.0766079,27.2999714,68.9556751,0.27871136,3.8499775,2.7666448,0.3393987,73.1941572,126.3281519,0.3685465,0.448,0.5472229,0.3499367,0.3275328
1977-01-01,0.2859514,0.03688829,0.81829553,0.90595922,0.0848022,0.4088688,0.18815149,0.15733754,0.58179085,0.2252846,1.921943,2.3819035,29.31198995,0.26757337,0.32618095,0.3332528,0.2361564,0.5267964,106.52699787,435.407115,0.4145208,95.8978141,0.1738901,0.4985015,0.7645233,2.8755056,0.4568301,81.537329,1.3753688,0.6117065,0.6027232,0.3291206,0.5509012,0.0446098,0.1275006,0.0635114,0.0218666,0.0334278,0.3193507,0.0041,0.0788127,0.0778101,28.6079804,72.1880264,0.28998042,3.8771169,2.7752945,0.358729,77.2963767,133.4036329,0.3809906,0.448168,0.5691212,0.4109207,0.3311475
1978-01-01,0.2985784,0.03705808,0.90827111,0.94721439,0.085079,0.41009745,0.18606699,0.18861435,0.59269815,0.227899,1.9257763,3.5559733,30.03182645,0.27070851,0.33139483,0.3413746,0.2415365,0.5402571,109.25413402,451.4970113,0.4198924,99.6731217,0.1756607,0.5142157,0.7781576,3.0398484,0.4962316,84.8681478,1.4017691,0.6311638,0.6185227,0.3421265,0.5640306,0.0454278,0.129443,0.0653337,0.0218493,0.0338312,0.330553,0.004202,0.0793696,0.0789316,29.6781196,74.6583523,0.29627491,3.9020703,2.7835288,0.3770866,80.425347,138.7994525,0.3932077,0.448638,0.5895078,0.4650843,0.3344145
1979-01-01,0.3133806,0.03712535,1.04343587,0.96812278,0.0858103,0.42542323,0.18898588,0.19371697,0.61456078,0.2312102,1.9451929,3.5985327,30.54573761,0.27740952,0.33814126,0.349938,0.2479066,0.5554893,111.21641422,473.1603308,0.4257145,102.3678801,0.177687,0.536757,0.7940068,3.3151816,0.563449,87.2592121,1.4346949,0.663875,0.6397283,0.3635018,0.5783229,0.045967,0.1319015,0.0677623,0.0218429,0.033858,0.3448139,0.004407,0.0806636,0.0806033,30.5993246,76.3926879,0.30405338,3.9345985,2.7927253,0.3997988,82.6323825,142.5651093,0.4068865,0.448905,0.6199998,0.5617384,0.3358817
1980-01-01,0.3286116,0.03749457,1.23446744,0.98613711,0.0864193,0.4512166,0.18721662,0.20169206,0.64448077,0.233984,1.9321887,3.6440244,31.66009222,0.28562926,0.34685665,0.3607096,0.2548738,0.5709592,115.39081114,486.823272,0.4336982,108.1018016,0.1814595,0.5671505,0.8241,3.7068767,0.6595266,92.3226259,1.4703199,0.7093195,0.6644786,0.3930174,0.5935386,0.0466173,0.1340999,0.0714287,0.021842,0.0340876,0.3617649,0.004608,0.081952,0.0824897,32.1243871,80.1043701,0.32276622,3.9708012,2.8017472,0.4263534,87.3467928,150.6513364,0.4206268,0.449173,0.6593357,0.704312,0.3422057
1981-01-01,0.3417946,0.03758561,1.4093714,0.94589893,0.0869875,0.47935343,0.19131585,0.20855391,0.67293682,0.2372969,1.9455542,3.6785825,32.38516003,0.29399192,0.35527604,0.367694,0.2614774,0.5846162,118.18395919,519.4706755,0.4397864,111.9870991,0.1838628,0.5935093,0.8450182,4.0465403,0.7442507,95.7042608,1.5015436,0.7482791,0.6861453,0.4188428,0.6075433,0.0470317,0.1360397,0.074486,0.0217224,0.0342894,0.3767086,0.004613,0.0830836,0.0838849,33.203768,82.5652419,0.34368932,3.9998212,2.8100814,0.4497777,90.4734492,155.9871148,0.4307844,0.449445,0.6943188,0.8289867,0.3443823
1982-01-01,0.3441593,0.03684698,1.11876736,1.06509618,0.0864435,0.46058775,0.22516119,0.20134404,0.66213205,0.2357464,1.9228468,3.656581,29.21972351,0.2945107,0.35593486,0.3660778,0.2590528,0.5896322,106.3640153,421.5440274,0.437377,95.2728529,0.1801987,0.5580782,0.8152239,3.4207105,0.588678,214.1808124,1.4901372,0.6795618,0.6662642,0.3739087,0.6113579,0.0475096,0.1368364,0.0692192,0.0218639,0.0342431,0.3665159,0.004617,0.0822624,0.0824504,29.9867372,71.9036525,0.34173702,3.9814035,2.8142094,0.4373552,76.9285407,132.6306492,0.4364526,0.45001,0.646696,0.5759581,0.3450028
1983-01-01,0.3545574,0.03770609,1.054309,1.08470952,0.0862579,0.53136696,0.22339563,0.20637941,0.71721476,0.237124,1.928633,3.6719441,30.64391892,0.31114768,0.36212698,0.3734349,0.2622478,0.6016166,111.64874987,474.5798492,0.4410505,102.7653575,0.1813416,0.559584,0.8218092,3.3410314,0.5669443,230.8323277,1.5073803,0.6731799,0.6752492,0.370699,0.6199812,0.0483905,0.1375785,0.0695397,0.0219299,0.0338061,0.366691,0.004716,0.0804899,0.0824591,31.5511622,76.6604761,0.3612905,4.0007629,2.822704,0.4471042,82.8985433,143.0055184,0.443402,0.449881,0.645639,0.5338853,0.349768
1984-01-01,0.3660958,0.03768529,1.11452203,1.10137468,0.0861814,0.5229989,0.23740741,0.20637616,0.71568277,0.2368394,1.9242823,3.6838316,31.44326506,0.30727604,0.36766085,0.3796418,0.2668305,0.6099846,114.33520005,482.6083009,0.4453914,106.48368,0.1808319,0.5726958,0.8245115,3.4546959,0.593852,239.5309653,1.5290434,0.6852127,0.6901038,0.3811874,0.6301502,0.048874,0.138029,0.0718639,0.0220012,0.0336687,0.371588,0.004919,0.0793258,0.082785,32.4709939,79.1376575,0.37563226,4.0249422,2.8316521,0.4626638,86.0084425,148.3905654,0.4444107,0.449751,0.6604624,0.569329,0.3476665
1985-01-01,0.7525862,0.03795028,1.07845404,1.09581888,0.0886825,0.58075314,0.2429634,0.27375811,0.91068154,0.396099,2.0941802,3.8352839,33.67125145,0.46121147,0.37853902,0.3859781,0.3836954,0.6565852,122.61606069,551.9987455,0.4489295,118.5798365,0.1808905,0.5707207,1.6036816,3.3581664,0.5669797,265.6129094,1.5451559,0.6709567,0.6967966,0.373607,0.6381434,0.0498609,0.1468886,0.0721735,0.0222699,0.0346006,0.3705325,0.004924,0.0773621,0.082526,34.8437938,86.5633464,0.40190452,4.0437984,2.840354,0.4705024,95.348458,164.6453544,0.4498905,0.449719,0.6543714,0.5008804,0.3502609
1986-01-01,0.8226544,0.04065214,1.04360419,1.03844249,0.0887483,0.6075526,0.25531721,0.27510642,0.91931423,0.3881772,2.0899968,3.8628376,28.5830503,0.50577758,0.38298322,0.3933602,0.4142154,0.6740946,103.75347352,415.9715732,0.452307,91.9144744,0.1810467,0.5724007,397.1139325,3.2826842,0.5451961,205.1227405,1.563436,0.6610129,0.7071469,0.3702227,0.6472984,0.0502603,0.1426105,0.0726698,0.0222442,0.0332243,0.3714585,0.005124,0.0756364,0.082374,29.9775208,69.5068265,0.40703503,4.0672758,2.8496754,0.4813762,73.7084578,127.080193,0.4565444,0.449787,0.6532745,0.456681,0.3513939
1987-01-01,0.7039252,0.04290224,1.13519617,1.05106845,0.0898542,0.62587573,0.25235244,0.28452728,0.89301944,0.3684781,2.0708421,3.769375,30.05025111,0.53547632,0.39310101,0.4031782,0.4450847,0.689713,109.21836999,446.3733406,0.4589812,99.5398799,0.1837039,0.5895585,435.2837277,3.40259,0.5821277,222.3027523,1.592624,0.6823014,0.7271497,0.3843786,0.6586456,0.0509917,0.1485961,0.0753664,0.0223318,0.0328433,0.3815284,0.005229,0.0743663,0.0832116,31.7230407,74.3982647,0.43993792,4.1016157,3.0292677,0.5008195,79.8562944,137.7257308,0.4668227,0.450144,0.6735942,0.5070981,0.3573758
1988-01-01,0.619212,0.05679879,1.33974067,1.07117951,0.4036294,0.69048218,0.25836666,0.33450192,0.96365945,0.3988085,2.1062929,4.8791988,29.69064194,0.58044295,0.40306694,0.410594,0.493188,0.7002635,107.82103223,452.1163415,0.4646108,97.6515298,0.1847793,0.609823,433.7835417,3.985939,0.6366905,217.8390528,1.6198884,0.7075834,0.746767,0.4033962,0.6700119,0.0515886,0.1486099,0.0787178,0.0224031,0.0324189,0.3945908,0.00543,0.0735993,0.0838806,31.5893171,73.146128,0.50987743,4.1302244,3.0411688,0.5198704,78.2625586,134.8909047,0.4735902,0.451049,0.696769,0.5830891,0.35878
1989-01-01,0.6664582,0.07701104,1.4495248,1.25078928,0.4100816,0.73530854,0.33936744,0.3782906,0.98050728,0.3905711,2.0865236,6.9556978,26.76166387,0.55183104,0.40759928,0.4197142,0.4721965,0.7081745,96.93744283,378.3861187,0.4709563,82.5074369,0.1872525,0.6293511,366.8920926,4.8756072,0.6821679,183.1864098,1.6500684,0.7315256,0.7677452,0.4203832,0.6820421,0.0521204,0.14963,0.081863,0.0226913,0.0322432,0.4035901,0.005635,0.0722956,0.0846859,29.0481942,63.3905665,0.51510331,4.1660026,3.0509915,0.5403637,65.866352,113.3063785,0.4840373,0.455205,0.7200101,0.6489188,0.3638875
1990-01-01,0.61698704,0.08613516,1.60532948,1.21552589,0.39650981,0.85159547,0.41302391,0.45549167,1.01104151,0.40423977,2.1615575,8.5247484,24.4232146,0.59397522,0.4142089,0.4280832,0.5167854,0.7211997,88.28644462,323.2009872,0.4761545,70.3570077,0.187805,0.6496138,311.5147224,5.6179777,0.7381427,155.6845332,1.678414,0.756621,0.7884477,0.4390301,0.6933834,0.0526312,0.1537811,0.0848948,0.0227669,0.032132,0.4128813,0.005837,0.0713639,0.0853621,27.03037997,55.6260212,0.55254728,4.197758,3.0590791,0.5603122,56.0232396,96.1518628,0.49307835,0.45528501,0.744462,0.7254568,0.3642025
1991-01-01,0.61187899,0.09477765,2.1685537,1.2244765,0.40129983,0.91295301,0.39794316,0.44642759,0.99561998,0.38079707,2.09791924,6.6975406,28.70265698,0.5732978,0.42001457,0.436096,0.5123518,0.7249983,104.21702067,422.2147831,0.483601,92.560588,0.1894088,0.677017,403.0514719,5.3173924,0.8154339,206.5965056,1.7124757,0.7931544,494.2341488,0.4650341,0.7061711,0.0535678,0.157401,0.0892901,0.0227555,0.0316555,0.4251346,0.005939,0.0706652,0.0865721,31.58057251,70.0402813,0.59450086,4.2366649,3.0687348,0.5844461,74.2462838,127.7175847,0.49908024,0.45371113,0.7769205,0.8408936,0.3638354
1992-01-01,0.56357699,0.08776894,2.56088155,1.23466371,0.45333947,1.09309512,0.40341824,0.49613221,1.04300035,0.39507814,2.10840192,5.8800123,28.15057435,0.59036294,0.43233031,0.4477549,0.5241702,0.7414732,102.19208597,402.386879,1.0437527,89.4909755,0.1929567,0.710877,594.0366547,5.4514581,0.9151209,199.7742269,1.7515369,0.8409625,516.2049456,0.4985275,0.7209402,0.0541234,0.1589988,0.09434,0.0230503,0.0314057,0.4364582,0.006243,0.0700743,0.0881028,31.36997795,86.1318263,0.71249956,4.2818984,3.0797822,0.6134857,71.8046645,123.3734165,0.51291128,0.45838982,0.8189847,0.99421,0.3678566
1993-01-01,0.51339647,0.09554924,2.77046184,1.25235261,0.42767598,1.236781,0.42441084,0.56703735,1.01973202,0.36931858,2.0881008,6.7355693,28.65688222,0.5897375,0.44561667,0.4595017,0.5343138,0.7481308,104.0267676,419.4261567,1.0559539,92.0309293,0.1958118,0.7300494,614.6601944,5.9518156,0.9668494,205.525968,1.7865464,0.8656402,523.8201974,0.5201053,0.731396,0.0547356,0.1597925,0.0976043,0.0228273,0.0598841,0.4409276,0.006345,0.069891,0.0893812,32.07107808,88.3189577,0.76263631,4.3163804,3.0926418,0.6374874,73.865184,126.8779114,0.51292792,0.45434081,0.841975,1.0734615,0.3705798
1994-01-01,0.56684313,0.11586303,3.31387469,1.26908453,0.40980443,1.27100482,0.43330688,0.58149168,1.07419647,0.38630694,2.12948264,7.8159799,27.74337925,0.58630285,0.45497333,0.4715964,0.5336974,0.7648774,100.68296366,388.9215701,1.0681916,162.4924639,0.1989321,0.7577618,578.308768,6.6620708,1.051106,194.679223,1.8261923,0.9060809,385.0006809,0.5510243,0.7437723,0.0551559,0.1611058,0.1014908,0.0228137,0.0612534,0.4522855,0.006548,0.0701411,0.0908296,33.40211157,84.2925832,0.79994225,4.3550073,3.1043716,0.6660302,69.9871319,120.0428079,0.51889749,0.45254251,0.8767492,1.2067402,0.3730748
1995-01-01,0.57074202,0.15956549,3.81731413,1.30771274,0.42470375,1.59359786,0.46203924,0.78201269,1.19343473,0.43493885,2.1829163,8.7978072,37.69383421,0.63052235,0.46899304,0.4873823,0.5695375,0.7897565,104.2597009,412.3798925,1.0777276,171.6446549,0.2054869,0.8164391,608.3829885,7.8079933,1.2554084,206.0172771,1.88833,0.9997884,413.3425769,0.6163038,0.762165,0.0557638,0.1646817,0.1098482,0.0226259,0.0593898,0.4744392,0.006951,0.0714554,0.0939138,34.9508182,88.4920302,0.84155645,4.4208028,3.116321,0.7129355,74.0440515,126.8588208,0.53781237,0.45786296,0.9524461,1.5249325,0.3786918
1996-01-01,0.56919849,0.19471384,4.20132884,1.31526769,0.41045419,1.63172042,0.45512199,2.38925121,1.29873533,0.48796071,1.8497078,4.9481097,26.5798365,0.65051303,0.47611029,0.4960646,0.5675852,0.8127508,80.33045571,177.3874946,1.0847635,158.4680429,0.2058832,0.8158114,426.6747736,6.2656175,1.3059744,263.3361625,1.905351,0.9755255,397.931127,0.6090318,6.8785742,0.0560177,0.1650818,0.1093252,0.022483,0.093925,0.4720565,0.006954,0.0705451,0.0937252,25.29777349,49.1959505,0.86501439,1.0937285,0.6479771,0.7228269,43.2529378,87.1127697,0.5364982,0.01568452,0.9273044,1.6034753,0.3791363
1997-01-01,0.58862565,0.27515832,4.61612991,1.53450773,0.42322536,1.68407238,0.49179808,2.64348115,1.21445041,0.4303282,2.2280459,4.0965082,34.82167664,0.63692055,0.48318093,0.5063019,0.5633955,0.8234292,97.32173991,579.8486686,1.0770802,153.37838,0.207044,0.8266807,661.4517335,6.1604762,1.7202972,437.3805273,1.9407911,0.9813527,364.8374075,0.6314349,7.5997299,0.0564266,0.1653927,0.1123535,0.0223678,0.1020518,0.4798072,0.007155,0.070289,0.0949301,26.52225976,48.3641052,0.8878808,1.128194,0.6536537,0.7395667,73.1313673,107.5173711,0.54301764,0.0167738,0.9684966,1.6607219,0.3775556
1998-01-01,0.62657055,0.41213382,4.51471091,1.78220885,0.44330884,1.75868031,0.48660774,3.16954999,1.25250547,0.44585811,2.64532384,4.2724057,34.91950349,0.65736597,1.00360567,0.5195255,0.584572,0.8366213,77.58376419,234.3285579,1.0957091,200.8671367,0.2083582,0.8192431,465.7047088,6.4470283,1.7781744,270.3347649,1.9590225,0.9600107,515.7738846,0.6236395,4.9727264,0.0562472,0.1602769,0.1118842,0.022548,0.0911128,0.5249891,0.007133,0.0704141,0.0953367,31.61138278,64.6043593,0.89402979,1.1519221,0.6919944,0.7534634,37.5818609,65.2586204,0.5539925,0.02129338,0.9628513,1.4493538,0.3814869
1999-01-01,1.92172834,0.54126318,7.3575411,1.79582048,4.76408681,1.74302015,0.48562439,3.09229351,1.36714085,0.52309483,2.08225528,4.3365918,32.2595502,0.77846085,1.93414456,0.5259219,0.7077306,0.8427665,86.72538508,267.6834473,1.0816348,145.1093639,0.2053126,0.8116561,429.75621,6.1845422,1.8178924,350.0697176,1.961066,0.9570869,217.3149237,0.6106539,5.4131654,0.0561124,0.1693398,0.1105219,0.0227015,0.0910871,0.5242963,0.007208,0.0702858,0.0950826,31.57401372,63.2129749,0.95126918,1.1595115,0.7160083,0.768323,45.8958268,77.0093425,0.56295706,0.66275143,0.9375486,1.3090553,0.3786821
2000-01-01,1.92078285,0.5792468,8.12322591,1.81236534,3.1789989,1.73492777,0.40685684,2.62485856,1.51083185,0.99440039,2.30894356,3.5670905,37.46903207,0.70005273,2.1460062,0.5399995,0.6464026,0.8486044,100.67504729,480.0339136,1.0910172,176.4643889,0.2045564,0.8311604,649.0024523,6.5372661,1.7361107,495.1306294,1.979473,1.0194423,328.2847821,0.6311946,7.0479046,0.0558299,0.170965,0.1136279,0.0229785,0.0743334,0.5226425,0.007384,0.0710562,0.0959746,36.00356378,69.2071951,1.01885299,1.1846243,0.7534667,0.7931477,61.2588489,100.2706484,0.56174209,0.63305933,0.9571127,1.2720687,0.3749805
2001-01-01,1.62800774,0.64800527,8.13923262,1.98496542,2.30736513,1.71047448,0.40138062,2.69761937,1.3361931,1.01748117,2.27683422,2.7942086,36.89261545,0.68028124,1.98762619,0.5500421,0.6404601,0.8488206,104.67275305,541.8458102,1.0952481,226.3209415,0.2063448,0.8160515,810.9349013,6.2887376,1.314555,504.7223004,1.9981758,0.9539165,337.2388724,0.6234459,5.4501177,0.0556134,0.1734111,0.1132153,0.0232434,0.055474,0.5340671,0.007461,0.0711914,0.0962955,39.03024529,73.5101289,1.03373855,1.1997822,0.7845528,0.7938269,63.3630304,97.501974,0.56230724,0.76195265,0.9589174,1.163259,0.377375
2002-01-01,1.52148405,0.74006132,7.81190116,1.97395191,3.25911645,1.62831885,0.38369712,2.79005538,1.20479267,0.93315976,2.54440102,2.4202207,48.44801317,0.64822,2.1208604,0.5617193,0.6112912,0.8591578,107.27730953,621.5572538,1.0968835,215.3463513,0.2042086,0.8114716,776.4556574,6.1720137,1.251442,589.1485655,2.009222,0.9251533,346.537994,0.6244603,7.6221528,0.0555981,0.1767338,0.1138526,0.0235048,0.1241751,0.5342328,0.007537,0.0715715,0.0967908,38.50143868,75.3250613,1.06062142,1.2150945,0.818762,0.802527,65.4215505,104.6727992,0.569308,0.79691037,0.9549896,1.3986761,0.3726393
2003-01-01,1.37697439,0.74795118,8.8460833,2.14417207,3.31538173,1.64988431,0.39886134,3.02221288,1.20617533,0.95892396,2.54859178,2.6936684,57.97811871,0.69388772,2.60548344,0.5754148,0.6354412,0.8823859,98.74469689,403.7067412,1.1119562,239.491051,0.2061809,0.8265303,673.1391745,6.2781672,1.2758945,571.5839921,2.0281581,0.9427091,385.7468807,0.63683,7.3359177,0.0552467,0.1773012,0.1157809,0.0237968,0.1561772,0.5388407,0.007514,0.0724848,0.0979403,35.30137425,72.8472575,1.1476922,1.2440887,0.8588209,0.8268631,65.2354732,104.4934168,0.57471641,0.75466109,1.0399377,1.3278903,0.3779474
2004-01-01,1.40664112,0.86862885,10.35159948,2.51354404,3.96726655,1.6668914,0.3992488,3.08180959,1.25151356,1.06599673,1.95389194,3.8111399,51.74905027,0.78558221,3.43237736,0.591493,0.7228727,0.8978645,97.03314582,341.7676762,1.1174211,216.0508302,0.2086446,0.90026,591.9328485,7.0428746,1.4794657,619.6832598,2.0649945,1.0858385,451.5818219,0.6918941,7.1166883,0.0551909,0.1775133,0.1227919,0.0241145,0.19006,0.5439087,0.007488,0.0748812,0.1007758,35.51014061,70.9651153,1.24579084,1.2999174,0.8951434,0.8720124,62.5072419,105.4555418,0.59549521,0.75339143,1.117423,1.9264447,0.3797404
2005-01-01,1.39127457,0.89965338,10.59550188,2.61010139,4.16474475,1.66204914,0.41126686,2.8833802,1.2899511,1.06798841,2.15777014,3.6252423,55.89717942,0.79346823,2.84016853,0.6079514,0.7322678,0.9112188,106.09635401,562.940305,1.1289503,221.1273695,0.2109757,0.9185387,813.822191,7.9771155,1.2865466,813.6090671,2.1103649,1.0780444,350.8893075,0.7302384,7.155962,0.0548563,0.1807079,0.1278096,0.0244405,0.2220115,0.5717028,0.007665,0.0768002,0.1038431,39.53962931,72.6176788,1.28745356,1.3574196,0.9346339,0.8919635,67.0958315,100.5575566,0.60002286,0.66776012,1.181363,2.0744581,0.3820841
2006-01-01,1.84000642,1.08695249,10.53666237,2.42733437,5.18761472,1.88718414,0.47971923,3.18735962,1.38300752,1.14771386,2.26387148,4.2829564,59.36801732,0.78815683,2.296621,0.6266702,0.7356019,0.9260441,108.27138811,574.1395596,1.143603,221.8436924,0.2141329,0.9602477,905.3959074,8.6668048,1.4378676,882.7750426,2.1493075,1.1470985,380.0095799,0.7761696,7.6958009,0.0548992,0.1851409,0.1338313,0.0249602,0.1773834,0.6066934,0.007742,0.078944,0.1064525,43.67838459,77.3942114,1.34215746,1.4151506,0.9770723,0.9375674,74.3681522,108.2494695,0.61508735,0.79798164,1.2228679,2.4783182,0.3841031
2007-01-01,2.09599658,1.09827673,12.63255288,2.391088,5.9841758,1.88433341,0.45265045,3.364246,1.4288115,1.13131208,2.2033198,5.1184814,55.13961736,0.75664683,5.5637573,0.6415655,1.0247773,0.9397623,84.54396499,241.4579501,1.1474548,244.8442458,0.2132735,0.9952937,624.1442466,9.4909346,1.8216947,701.1643246,2.170939,1.2696893,540.0073234,0.862396,6.5421259,0.0545355,0.1879946,0.1363267,0.0253797,0.1779157,0.600377,0.007717,0.0800944,0.1080284,38.76353583,77.7234955,1.38665747,1.4589626,1.0146041,0.9851683,52.6800557,88.6406882,0.64364781,0.77179295,1.2316519,2.30113,0.383699
2008-01-01,2.1164542,1.1193415,13.73914048,2.0605539,6.01201813,1.91742502,0.41923398,3.3340658,7.99516149,1.19497973,2.31467254,5.3097876,62.17335935,0.76240071,4.82680675,0.6600606,1.0011495,0.9582991,103.71498199,438.6083755,1.1850546,218.516938,0.224318,1.0802839,716.9404338,9.3161056,1.8605274,785.5767599,2.2339628,1.3404514,393.5559997,0.8471548,6.6478092,0.0545243,9.2228671,5.0586063,0.0256146,0.1138883,0.6290646,0.007795,0.0812413,0.1100485,39.65336525,77.4382133,1.39435509,1.5111118,1.0612678,1.0179544,60.1104298,96.7933219,0.65454296,0.77141214,1.2431046,2.3380099,0.3946932
2009-01-01,2.23564131,1.18720734,12.6860979,2.28266413,5.96086602,1.95458017,0.4540671,3.92155491,9.97868932,1.20292592,2.07033248,5.1677166,58.3373664,0.77269642,4.75200572,0.6673746,0.821321,0.9751274,104.64423072,317.5497712,1.1758363,231.897011,0.2187342,1.0116488,662.5725801,8.9349041,1.4159527,905.4342816,3.5051572,1.1108641,474.4356039,0.8562083,6.3303947,0.0539902,10.284649,5.0425371,0.0258396,0.1159379,0.6602688,0.00807,0.0816642,0.1100556,37.78478523,75.9262653,1.44516329,1.5057084,1.0920117,1.0085201,62.22804,98.8723896,0.64194822,0.69817382,1.19336,1.846338,0.3881242
2010-01-01,2.28873819,1.19156923,12.40631254,2.34958977,6.64928541,1.88056877,0.45405493,5.14021482,6.63291814,1.33989486,1.81671922,6.708701,49.04112414,0.69073839,5.12389037,0.6928864,1.6329905,0.9854289,94.2592742,210.9996644,6.9192168,242.4431863,0.222119,1.1389333,460.000914,8.7310492,1.8363782,751.8702437,5.94988,1.3790639,586.0293572,0.8405989,7.0114577,0.0540193,10.201525,5.0908328,0.0262196,0.1023366,0.6847335,0.008248,0.0849485,0.1147769,35.86427266,83.367257,1.52897802,1.6049512,1.1367491,1.0908142,57.4590683,104.5067225,0.66916571,0.62927203,1.251086,2.0520393,0.3917059
2011-01-01,2.18089566,1.2355522,14.98942277,2.40714833,5.56802142,2.0543277,0.45046252,5.3926514,4.78352641,1.56842856,1.81626932,7.0791098,42.89370903,0.64333076,4.94806005,0.7155601,1.2796907,1.000029,93.78866809,145.2659833,12.5747522,208.6563827,0.2313304,1.3094135,550.1147787,11.7162135,2.1931493,769.5746492,6.6713808,1.4128666,378.1387273,1.5772533,6.7735159,0.0539649,10.2800655,4.9369458,0.026673,0.107156,0.7224556,0.008524,0.0882597,0.1196496,30.73700523,90.4124636,1.60006922,1.6924615,7.7611081,1.1427699,54.4659933,97.3193157,0.67813419,0.59922699,1.3987918,2.3822884,0.3993364
2012-01-01,1.95198286,0.98524372,18.64676955,2.17352913,6.25228881,2.02584852,0.44115554,5.16463025,2.10112071,1.57088837,1.82556584,7.3593153,47.44706113,0.7846445,5.40905711,0.7372684,1.5765551,1.026175,129.33527796,267.2105658,6.6903306,219.6361802,0.2356267,1.2751251,458.8745008,14.1770851,1.7641247,650.9987806,6.5963901,1.2353881,509.1739547,1.8040459,29.5352792,0.0537966,9.6126384,4.9368377,0.0271314,0.1555041,0.7274744,0.008199,0.0899351,0.1219681,32.93074011,84.1871204,1.93072472,1.764609,12.0236685,1.1546521,50.8811614,99.2319974,0.68902181,0.70741317,1.4073209,2.3286896,0.3997281
2013-01-01,2.1664085,1.17529492,19.97102866,2.19308234,6.32893914,2.18768534,0.42404078,6.08702079,1.85705568,1.54578485,1.82026118,8.9991751,42.82881963,0.76996323,4.63617595,0.7547705,1.3583356,1.0408178,126.83138358,170.5193354,22.7374492,206.257126,0.2385919,1.2708358,433.9453317,16.478661,1.9207155,625.9635036,6.5772803,1.3131983,474.1750139,1.818746,121.1505737,0.0537282,8.5183559,4.9403673,0.0274554,0.1490579,0.7189627,0.007878,0.0914007,0.1233496,34.09485981,93.5286875,2.118041,1.8213618,12.1948611,1.2600907,54.9613612,111.5841109,0.70613581,0.65187815,1.4928152,2.6790423,0.4051934
2014-01-01,2.20320635,1.26697337,19.43163485,2.52150515,6.0754635,2.07328933,0.4110808,6.10862653,2.13399084,1.53236381,1.81756262,9.0727579,37.22076708,0.76556938,4.10202697,0.7630895,0.7407136,1.0486982,121.04995611,207.170559,33.0282111,219.470817,0.2340966,1.2459419,577.4582133,14.1162415,2.048218,1121.3943566,6.8968747,1.4949236,472.4460143,2.3679892,113.5638801,0.0533802,9.3821723,5.0211945,0.0276149,0.1188273,0.7408987,0.007961,0.0914877,0.1232744,33.5052792,102.8919969,2.15603281,12.1087577,12.1190343,1.3411068,60.1806267,104.1838539,0.70362242,0.69860717,1.5148161,3.2466738,0.405452
2015-01-01,2.26050171,1.31192778,19.81282712,2.75828538,5.83083566,2.13369531,0.38176782,5.67442566,2.63387876,1.53782125,1.9387177,8.9831739,34.97690546,0.76222983,3.35124418,0.7697711,0.8117351,1.0496503,121.63308422,248.7806914,37.8504755,219.319105,0.2446899,1.2919147,575.4901255,13.9586026,2.0454434,1132.0563752,6.6893648,7.8349803,407.3970349,2.875913,107.2691427,0.052805,8.3203146,3.7584962,0.0279677,0.0919244,0.7112206,0.007746,0.0912853,0.1221885,33.50695271,103.0151884,2.22850011,13.6229419,11.6554702,1.3489046,59.9729073,91.8230377,0.70415684,0.68036361,1.4538822,3.0856869,0.405927
2016-01-01,1.76005435,1.41870272,20.46871804,2.97621796,5.44440879,2.25228173,0.41752991,8.22421586,5.99265953,1.47289699,2.52535388,9.3026868,45.42492105,0.73305478,4.10027025,0.7870626,0.7513698,1.067673,129.49764041,304.0708385,48.2950193,213.1692525,0.2308235,2.4232051,392.6455116,15.7441805,1.8742153,652.7346412,8.5950122,7.4317145,327.5971111,2.459968,74.4311692,0.0526188,4.9834141,3.7688299,0.0282829,0.0796327,0.7732762,0.008148,0.0922572,0.123972,38.31682023,126.6043819,2.13522517,18.2011858,11.4083955,1.3559921,38.8152527,68.1044031,0.71370264,0.55210667,7.739509,3.0299072,0.4099237
2017-01-01,1.92747505,1.28594904,19.53310752,3.15209001,4.8931315,2.2535158,0.41605029,10.09512321,11.11299914,1.5264823,2.37255616,8.4033693,39.1607188,0.71880324,4.0243282,0.8065069,0.744439,1.0779914,126.96389654,269.5753069,34.7934841,197.1934824,0.224414,3.0138399,449.2249198,15.7985994,2.0185995,975.6043692,9.7677758,11.5033632,431.9965439,3.3707376,135.0656287,0.0526117,10.4473038,5.0987554,0.0286231,0.0656702,0.8361919,0.008756,0.0946718,0.1279505,38.0882121,114.3574417,2.16453783,18.1128578,11.6052012,1.3998633,57.2055306,115.0868579,0.7214094,0.56460112,16.3280067,2.9545206,0.4100915
2018-01-01,1.4965808,1.37923989,20.75999395,3.03192828,4.15902735,2.09735944,0.40520119,9.89435812,7.15778849,1.62726426,2.05002056,8.8908326,32.04003452,0.7205839,3.8799006,0.820402,0.762359,1.0941267,106.76302993,153.9297533,37.4474188,242.8080625,0.2453275,3.6819431,531.1226812,16.5925581,2.5910514,1095.9497211,9.5907019,11.8061724,491.7965452,3.2203077,138.7932849,0.0524969,9.8960618,5.4063703,0.0291618,0.0435508,0.8340068,0.008666,0.0968603,0.1304599,30.87674869,98.0731001,2.34214744,13.803596,11.2463863,1.4459674,61.5048299,117.8686324,0.7238045,0.67588378,18.3614838,3.0910213,0.4112172
2019-01-01,2.10441463,1.38568837,22.2904101,2.88773128,3.20239374,2.19761316,0.37199208,8.12746995,5.8275851,1.59961271,1.9101653,7.4549932,29.99187577,0.70874438,4.21832952,0.8232515,0.8421932,1.102263,90.14625147,64.4354904,38.9898928,221.3564081,0.2435947,4.5220244,376.2406316,14.5627816,1.7788799,1060.3647717,9.7929219,10.2432133,277.0448375,3.4245182,119.6559244,0.0519272,1.9508592,1.7082908,0.0292833,0.0325292,0.7905626,0.009175,0.0962489,0.129872,31.89371788,86.5105276,2.28748241,11.2939842,7.9455693,1.3714916,51.5461285,111.255781,0.72108041,0.57447533,14.5540509,2.5667942,0.4101112
2020-01-01,1.57063093,1.51935106,23.00551018,3.08353396,3.05277494,2.04162267,0.38602133,7.22029445,4.5750193,1.59922779,1.7708193,7.1751573,33.25467584,0.73211764,4.0680294,0.8271614,0.7586992,1.1032927,107.57234313,142.3857673,52.4573926,200.9112799,0.2318039,4.5618424,466.451177,13.8607247,1.6075699,870.3087797,7.0100415,9.1489614,445.9180292,3.3197683,133.922126,0.0516221,0.2115499,0.17944,0.029521,0.0376751,0.6763239,0.008185,0.0945301,0.1264514,32.35109576,81.3044021,2.30011866,9.5116154,7.8008027,1.3327277,42.8512493,131.1851885,0.71624854,0.62192572,12.2633027,2.4915904,0.4121745
